access_read,access_write,active,affiliate,created_on,id,status,updated_on
",1,",",1,",1,"Texas A&M University, College Station, TX","2010-11-18 07:12:42",1,",active,","2010-11-18 07:12:42"
",1,",",1,",1,"Martin-Luther-Universität Halle-Wittenberg, Halle, Germany","2010-11-18 07:12:42",2,",active,","2010-11-18 07:12:42"
",1,",",1,",1,"University of Siegen, Germany","2010-11-18 07:12:42",3,",active,","2010-11-18 07:12:42"
",1,",",1,",1,"University of California, Berkeley, CA","2010-11-18 07:12:42",4,",active,","2010-11-18 07:12:42"
",1,",",1,",1,"University of Lisbon, Portugal","2010-11-18 07:12:42",5,",active,","2010-11-18 07:12:42"
",1,",",1,",1,"International Progress Organization, Vienna, Austria","2010-11-18 07:12:42",6,",active,","2010-11-18 07:12:42"
",1,",",1,",1,"Queen's University, Kingston, Ontario, Canada","2010-11-18 07:12:43",7,",active,","2010-11-18 07:12:43"
",1,",",1,",1,"Dublin, Ireland","2010-11-18 07:12:43",8,",active,","2010-11-18 07:12:43"
",1,",",1,",1,"Northern Illinois University, De Kalb, IL","2010-11-18 07:12:43",9,",active,","2010-11-18 07:12:43"
",1,",",1,",1,"Australian National University, Canberra, ACT, Australia","2010-11-18 07:12:43",10,",active,","2010-11-18 07:12:43"
",1,",",1,",1,"BM für Land- und Forstwirtschaft, Umwelt und Wasserwirtschaft, Wien, Austria","2010-11-18 07:12:43",11,",active,","2010-11-18 07:12:43"
",1,",",1,",1,"BiPRO GmbH, München, Germany","2010-11-18 07:12:43",12,",active,","2010-11-18 07:12:43"
",1,",",1,",1,"ECOTEC, München, Germany","2010-11-18 07:12:43",13,",active,","2010-11-18 07:12:43"
",1,",",1,",1,"AFC Aforma Consult Unternehmensberatung GmbH, Wien, Austria","2010-11-18 07:12:43",14,",active,","2010-11-18 07:12:43"
",1,",",1,",1,"Institut für Industrielle Ökologie, St. Pölten, Austria","2010-11-18 07:12:43",15,",active,","2010-11-18 07:12:43"
",1,",",1,",1,"University of Georgia, Athens, GA","2010-11-18 07:12:43",16,",active,","2010-11-18 07:12:43"
",1,",",1,",1,"Indian Institute of Management","2010-11-18 07:12:43",17,",active,","2010-11-18 07:12:43"
",1,",",1,",1,"Auburn University, Alabama","2010-11-18 07:12:43",18,",active,","2010-11-18 07:12:43"
",1,",",1,",1,"University of Waterloo, ON, Canada","2010-11-18 07:12:43",19,",active,","2010-11-18 07:12:43"
",1,",",1,",1,"National Cancer Institute, Bethesda, MD","2010-11-18 07:12:43",20,",active,","2010-11-18 07:12:43"
",1,",",1,",1,"University of Udine, Italy","2010-11-18 07:12:43",21,",active,","2010-11-18 07:12:43"
",1,",",1,",1,"University of Magdeburg, Germany","2010-11-18 07:12:43",22,",active,","2010-11-18 07:12:43"
",1,",",1,",1,"University of Toulouse, France","2010-11-18 07:12:43",23,",active,","2010-11-18 07:12:43"
",1,",",1,",1,"University of Maryland, College Park, MD","2010-11-18 07:12:43",24,",active,","2010-11-18 07:12:43"
",1,",",1,",1,"University of Delaware, Newark, DE","2010-11-18 07:12:43",25,",active,","2010-11-18 07:12:43"
",1,",",1,",1,"Michigan State University, East Lansing, MI","2010-11-18 07:12:43",26,",active,","2010-11-18 07:12:43"
",1,",",1,",1,"University of Groningen, The Netherlands","2010-11-18 07:12:43",27,",active,","2010-11-18 07:12:43"
",1,",",1,",1,"Virginia Polytechnic Institute and State University, Blacksburg, VA","2010-11-18 07:12:43",28,",active,","2010-11-18 07:12:43"
",1,",",1,",1,"MDM Strategies, Merritt Island, FL","2010-11-18 07:12:43",29,",active,","2010-11-18 07:12:43"
",1,",",1,",1,"Healthlink Inc., Baltimore, MD","2010-11-18 07:12:44",30,",active,","2010-11-18 07:12:44"
",1,",",1,",1,"Yamaguchi University School of Medicine, Yamaguchi, Japan","2010-11-18 07:12:44",31,",active,","2010-11-18 07:12:44"
",1,",",1,",1,"Xerox Research Centre Europe, Maylan, France","2010-11-18 07:12:44",32,",active,","2010-11-18 07:12:44"
",1,",",1,",1,"FX Palo Alto Laboratory Inc., Palo Alto, CA","2010-11-18 07:12:44",33,",active,","2010-11-18 07:12:44"
",1,",",1,",1,"Swedish Institute for Computer Science, Kista, Sweden","2010-11-18 07:12:44",34,",active,","2010-11-18 07:12:44"
",1,",",1,",1,"University of Lisbon, Portugal, Department of Mathematics","2010-11-18 07:12:44",35,",active,","2010-11-18 07:12:44"
",1,",",1,",1,"University of Trieste, Italy","2010-11-18 07:12:44",36,",active,","2010-11-18 07:12:44"
",1,",",1,",1,"Graz University of Technology, Graz, Austria","2010-11-18 07:12:44",37,",active,","2010-11-18 07:12:44"
",1,",",1,",1,"University of Washington, College of Arts and Sciences","2010-11-18 07:12:44",38,",active,","2010-11-18 07:12:44"
",1,",",1,",1,"COPPE, University of Rio de Janeiro, Rio de Janeiro, Brazil","2010-11-18 07:12:44",39,",active,","2010-11-18 07:12:44"
",1,",",1,",1,"Eli Lilly and Company, Indianapolis, IN","2010-11-18 07:12:44",40,",active,","2010-11-18 07:12:44"
",1,",",1,",1,"University of Illinois, Urbana, IL","2010-11-18 07:12:44",41,",active,","2010-11-18 07:12:44"
",1,",",1,",1,"University of Karlsruhe, Karlsruhe, Germany","2010-11-18 07:12:44",42,",active,","2010-11-18 07:12:44"
",1,",",1,",1,"Polytechnic University, Brooklyn, NY","2010-11-18 07:12:44",43,",active,","2010-11-18 07:12:44"
",1,",",1,",1,"Lehman College, CUNY, Bronx, NY","2010-11-18 07:12:44",44,",active,","2010-11-18 07:12:44"
",1,",",1,",1,"Ehime University School of Medicine, Ehime, Japan","2010-11-18 07:12:44",45,",active,","2010-11-18 07:12:44"
",1,",",1,",1,"Ritsumeikan University, Shiga, Japan","2010-11-18 07:12:44",46,",active,","2010-11-18 07:12:44"
",1,",",1,",1,"Kyorin University School of Medicine, Tokyo, Japan","2010-11-18 07:12:44",47,",active,","2010-11-18 07:12:44"
",1,",",1,",1,"Kyushu University, Higashi-ku, Japan, Japan","2010-11-18 07:12:44",48,",active,","2010-11-18 07:12:44"
",1,",",1,",1,"Kansai Medical University, Osaka, Japan","2010-11-18 07:12:44",49,",active,","2010-11-18 07:12:44"
",1,",",1,",1,"Solid-State Physics Laboratory, ETH Zürich, Switzerland","2010-11-18 07:12:44",50,",active,","2010-11-18 07:12:44"
",1,",",1,",1,"University of Arizona, AZ","2010-11-18 07:12:44",51,",active,","2010-11-18 07:12:44"
",1,",",1,",1,"International Computer Science Institute, Berkeley, CA","2010-11-18 07:12:44",52,",active,","2010-11-18 07:12:44"
",1,",",1,",1,"Keele University, Staffordshire, UK","2010-11-18 07:12:44",53,",active,","2010-11-18 07:12:44"
",1,",",1,",1,"Department of Zoology, University of Maryland, COLLEGE PARK, MD","2010-11-18 07:12:44",54,",active,","2010-11-18 07:12:44"
",1,",",1,",1,"Parmly Hearing Institute, Loyola University of Chicago, IL","2010-11-18 07:12:44",55,",active,","2010-11-18 07:12:44"
",1,",",1,",1,"Washington University, St. Louis, MO","2010-11-18 07:12:44",56,",active,","2010-11-18 07:12:44"
",1,",",1,",1,"Parmly Hearing Institute, Chicago, IL","2010-11-18 07:12:44",57,",active,","2010-11-18 07:12:44"
",1,",",1,",1,"European Centre of Tort and Insurance Law, Vienna, Austria","2010-11-18 07:12:45",58,",active,","2010-11-18 07:12:45"
",1,",",1,",1,"University of Washington School of Medicine, Seattle, WA","2010-11-18 07:12:45",59,",active,","2010-11-18 07:12:45"
",1,",",1,",1,"Memorial Sloan Kettering Cancer Center, New York, NY","2010-11-18 07:12:45",60,",active,","2010-11-18 07:12:45"
",1,",",1,",1,"Insall Scott Kelly Institute, New York, NY","2010-11-18 07:12:45",61,",active,","2010-11-18 07:12:45"
",1,",",1,",1,"Robert Wood Johnson Medical School, New Brunswick, NJ","2010-11-18 07:12:45",62,",active,","2010-11-18 07:12:45"
",1,",",1,",1,"University of Pennsylvania, Philadelphia, PA","2010-11-18 07:12:45",63,",active,","2010-11-18 07:12:45"
",1,",",1,",1,"University of Leicester, UK","2010-11-18 07:12:45",64,",active,","2010-11-18 07:12:45"
",1,",",1,",1,"University of Alabama, Birmingham, AL","2010-11-18 07:12:45",65,",active,","2010-11-18 07:12:45"
",1,",",1,",1,"University of Cambridge, UK","2010-11-18 07:12:45",66,",active,","2010-11-18 07:12:45"
",1,",",1,",1,"Yale University, New Haven, CT","2010-11-18 07:12:45",67,",active,","2010-11-18 07:12:45"
",1,",",1,",1,"University of California, Davis, Sacramento, CA","2010-11-18 07:12:45",68,",active,","2010-11-18 07:12:45"
",1,",",1,",1,"Ohio State University, Columbus, OH","2010-11-18 07:12:45",69,",active,","2010-11-18 07:12:45"
",1,",",1,",1,"University of Sao Paulo, Santa Catarina, Brazil","2010-11-18 07:12:45",70,",active,","2010-11-18 07:12:45"
",1,",",1,",1,"University of Campinas, Sao Paulo, Brazil","2010-11-18 07:12:45",71,",active,","2010-11-18 07:12:45"
",1,",",1,",1,"Oxford Centre for Industrial and Applied Mathematics","2010-11-18 07:12:45",72,",active,","2010-11-18 07:12:45"
",1,",",1,",1,"Universite de Sherbrooke, Canada","2010-11-18 07:12:45",73,",active,","2010-11-18 07:12:45"
",1,",",1,",1,"Georgia Institute of Technology","2010-11-18 07:12:45",74,",active,","2010-11-18 07:12:45"
",1,",",1,",1,"Jagiellonian University, Poland
, Poland","2010-11-18 07:12:45",75,",active,","2010-11-18 07:12:45"
",1,",",1,",1,"University of Sheffield, UK","2010-11-18 07:12:45",76,",active,","2010-11-18 07:12:45"
",1,",",1,",1,"University of Durham, UK","2010-11-18 07:12:45",77,",active,","2010-11-18 07:12:45"
",1,",",1,",1,"The London School of Economics, UK","2010-11-18 07:12:45",78,",active,","2010-11-18 07:12:45"
",1,",",1,",1,"Universita de Parma, Italy","2010-11-18 07:12:45",79,",active,","2010-11-18 07:12:45"
",1,",",1,",1,"Norwegian University of Science and Technology, Trondheim, Norway","2010-11-18 07:12:45",80,",active,","2010-11-18 07:12:45"
",1,",",1,",1,"Carleton University, Ottawa, Ontario, Canada","2010-11-18 07:12:45",81,",active,","2010-11-18 07:12:45"
",1,",",1,",1,"University of Nagoya, Japan","2010-11-18 07:12:45",82,",active,","2010-11-18 07:12:45"
",1,",",1,",1,"Korea University, Seoul, Korea","2010-11-18 07:12:46",83,",active,","2010-11-18 07:12:46"
",1,",",1,",1,"Technion-Israel Institute of Technology, Haifa, Israel","2010-11-18 07:12:46",84,",active,","2010-11-18 07:12:46"
",1,",",1,",1,"Massachusetts Institute of Technology, Cambridge, MA","2010-11-18 07:12:46",85,",active,","2010-11-18 07:12:46"
",1,",",1,",1,"Dorset, UK","2010-11-18 07:12:46",86,",active,","2010-11-18 07:12:46"
",1,",",1,",1,"University of Saitama, Japan","2010-11-18 07:12:46",87,",active,","2010-11-18 07:12:46"
",1,",",1,",1,"Earth Engineering Research Institute, Osaka, Japan","2010-11-18 07:12:46",88,",active,","2010-11-18 07:12:46"
",1,",",1,",1,"Waseda University, Tokyo, Japan","2010-11-18 07:12:46",89,",active,","2010-11-18 07:12:46"
",1,",",1,",1,"Tokyo Institute of Technology, Tokyo, Japan","2010-11-18 07:12:46",90,",active,","2010-11-18 07:12:46"
",1,",",1,",1,"University of Tsukuba, Japan","2010-11-18 07:12:46",91,",active,","2010-11-18 07:12:46"
",1,",",1,",1,"The University of Tokyo, Japan","2010-11-18 07:12:46",92,",active,","2010-11-18 07:12:46"
",1,",",1,",1,"Wroclaw University of Technology, Wroclaw, Poland","2010-11-18 07:12:46",93,",active,","2010-11-18 07:12:46"
",1,",",1,",1,"University of Aalborg, Denmark","2010-11-18 07:12:46",94,",active,","2010-11-18 07:12:46"
",1,",",1,",1,"University of Southern Denmark, Odense, Denmark","2010-11-18 07:12:46",95,",active,","2010-11-18 07:12:46"
",1,",",1,",1,"CSIRO Molecular Science, Wheelers Hill, VIC, Australia","2010-11-18 07:12:46",96,",active,","2010-11-18 07:12:46"
",1,",",1,",1,"Harvard Medical School, Boston, MA","2010-11-18 07:12:46",97,",active,","2010-11-18 07:12:46"
",1,",",1,",1,"University of Dortmund, Germany","2010-11-18 07:12:46",98,",active,","2010-11-18 07:12:46"
",1,",",1,",1,"University of London, UK","2010-11-18 07:12:46",99,",active,","2010-11-18 07:12:46"
",1,",",1,",1,"University Hospital Sart Tilman, Liege, Belgium","2010-11-18 07:12:46",100,",active,","2010-11-18 07:12:46"
",1,",",1,",1,"Massachusetts General Hospital, Boston, MA","2010-11-18 07:12:46",101,",active,","2010-11-18 07:12:46"
",1,",",1,",1,"Schloßpark-Klinik, Berlin, Germany","2010-11-18 07:12:46",102,",active,","2010-11-18 07:12:46"
",1,",",1,",1,"Vrije Universiteit Amsterdam, The Netherlands","2010-11-18 07:12:46",103,",active,","2010-11-18 07:12:46"
",1,",",1,",1,"Université Pierre et Marie Curie, Paris, France","2010-11-18 07:12:46",104,",active,","2010-11-18 07:12:46"
",1,",",1,",1,"RWTH, Aachen, Germany","2010-11-18 07:12:46",105,",active,","2010-11-18 07:12:46"
",1,",",1,",1,"Universidad de Extremadura, Badajoz, Spain","2010-11-18 07:12:47",106,",active,","2010-11-18 07:12:47"
",1,",",1,",1,"University of Seoul, Korea","2010-11-18 07:12:47",107,",active,","2010-11-18 07:12:47"
",1,",",1,",1,"The University of Auckland, New Zealand","2010-11-18 07:12:47",108,",active,","2010-11-18 07:12:47"
",1,",",1,",1,"University Rovira i Virgili, Tarragona, Spain","2010-11-18 07:12:47",109,",active,","2010-11-18 07:12:47"
",1,",",1,",1,"Oxford Brookes University, UK","2010-11-18 07:12:47",110,",active,","2010-11-18 07:12:47"
",1,",",1,",1,"University of Colorado, Boulder, CO","2010-11-18 07:12:47",111,",active,","2010-11-18 07:12:47"
",1,",",1,",1,"University of Turku, Finland","2010-11-18 07:12:47",112,",active,","2010-11-18 07:12:47"
",1,",",1,",1,"Abo Akademi University, Turku, Finland","2010-11-18 07:12:47",113,",active,","2010-11-18 07:12:47"
",1,",",1,",1,"University of Leiden, The Netherlands","2010-11-18 07:12:47",114,",active,","2010-11-18 07:12:47"
",1,",",1,",1,"CS-SI, Toulouse, France","2010-11-18 07:12:47",115,",active,","2010-11-18 07:12:47"
",1,",",1,",1,"UniversitΘ de Perpignan, France","2010-11-18 07:12:47",116,",active,","2010-11-18 07:12:47"
",1,",",1,",1,"Université Paul Sabatier, Toulouse, France","2010-11-18 07:12:47",117,",active,","2010-11-18 07:12:47"
",1,",",1,",1,"ILOG, Valbonne, France","2010-11-18 07:12:47",118,",active,","2010-11-18 07:12:47"
",1,",",1,",1,"EPFL, Lausanne, Switzerland","2010-11-18 07:12:47",119,",active,","2010-11-18 07:12:47"
",1,",",1,",1,"University of Vienna, Austria","2010-11-18 07:12:47",120,",active,","2010-11-18 07:12:47"
",1,",",1,",1,"University of Freiburg, Germany","2010-11-18 07:12:47",121,",active,","2010-11-18 07:12:47"
",1,",",1,",1,"University of Houston, TX","2010-11-18 07:12:47",122,",active,","2010-11-18 07:12:47"
",1,",",1,",1,"University of Warwick, Coventry, UK","2010-11-18 07:12:47",123,",active,","2010-11-18 07:12:47"
",1,",",1,",1,"University of Bristol, UK","2010-11-18 07:12:47",124,",active,","2010-11-18 07:12:47"
",1,",",1,",1,"Gif-sur-Yvette, France","2010-11-18 07:12:47",125,",active,","2010-11-18 07:12:47"
",1,",",1,",1,"Universita degli Studi Bicocca, Milano, Italy","2010-11-18 07:12:47",126,",active,","2010-11-18 07:12:47"
",1,",",1,",1,"Vrije Universiteit Brussel, Bruxelles, Belgium","2010-11-18 07:12:47",127,",active,","2010-11-18 07:12:47"
",1,",",1,",1,"University Tokyo Graduate School, Tokyo, Japan","2010-11-18 07:12:47",128,",active,","2010-11-18 07:12:47"
",1,",",1,",1,"C.R.D.E. Universite de Montreal, QC, Canada","2010-11-18 07:12:47",129,",active,","2010-11-18 07:12:47"
",1,",",1,",1,"Polish Academy of Sciences, Warszawa, Poland","2010-11-18 07:12:47",130,",active,","2010-11-18 07:12:47"
",1,",",1,",1,"University of Czestochowa, Poland","2010-11-18 07:12:47",131,",active,","2010-11-18 07:12:47"
",1,",",1,",1,"Utrecht University, The Netherlands","2010-11-18 07:12:48",132,",active,","2010-11-18 07:12:48"
",1,",",1,",1,"Brno University of Technology, Brno, Czech Republic","2010-11-18 07:12:48",133,",active,","2010-11-18 07:12:48"
",1,",",1,",1,"Geniki Kliniki Thessaloniki, Greece","2010-11-18 07:12:48",134,",active,","2010-11-18 07:12:48"
",1,",",1,",1,"DIW, Berlin, Germany","2010-11-18 07:12:48",135,",active,","2010-11-18 07:12:48"
",1,",",1,",1,"Delft University of Technology, The Netherlands","2010-11-18 07:12:48",136,",active,","2010-11-18 07:12:48"
",1,",",1,",1,"Michigan State University, East-Lansing, MI, USA","2010-11-18 07:12:48",137,",active,","2010-11-18 07:12:48"
",1,",",1,",1,"University at Buffalo, NY","2010-11-18 07:12:48",138,",active,","2010-11-18 07:12:48"
",1,",",1,",1,"University of Stuttgart, Germany","2010-11-18 07:12:48",139,",active,","2010-11-18 07:12:48"
",1,",",1,",1,"Premier Chemical Co.Ltd., Nicosia, Cyprus","2010-11-18 07:12:48",140,",active,","2010-11-18 07:12:48"
",1,",",1,",1,"Japan Advanced Institute of Science and Technology, Ishikawa, Japan","2010-11-18 07:12:48",141,",active,","2010-11-18 07:12:48"
",1,",",1,",1,"University of Napolli Federico II, Italy","2010-11-18 07:12:48",142,",active,","2010-11-18 07:12:48"
",1,",",1,",1,"University of Napoli Federico II, Italy","2010-11-18 07:12:48",143,",active,","2010-11-18 07:12:48"
",1,",",1,",1,"University of Alberta, Edmonton, AB, Canada","2010-11-18 07:12:48",144,",active,","2010-11-18 07:12:48"
",1,",",1,",1,"Federal Armed Forces University Munich","2010-11-18 07:12:48",145,",active,","2010-11-18 07:12:48"
",1,",",1,",1,"IIASA Laxenburg/Wien, Austria","2010-11-18 07:12:48",146,",active,","2010-11-18 07:12:48"
",1,",",1,",1,"University of Wien, Austria","2010-11-18 07:12:48",147,",active,","2010-11-18 07:12:48"
",1,",",1,",1,"Georgia Institute of Technology, Atlanta","2010-11-18 07:12:48",148,",active,","2010-11-18 07:12:48"
",1,",",1,",1,"Florence University, Italy","2010-11-18 07:12:48",149,",active,","2010-11-18 07:12:48"
",1,",",1,",1,"Brown University, Rhode Island","2010-11-18 07:12:48",150,",active,","2010-11-18 07:12:48"
",1,",",1,",1,"Rutgers University, New Jersey","2010-11-18 07:12:48",151,",active,","2010-11-18 07:12:48"
",1,",",1,",1,"Duke Street Capital, London, UK","2010-11-18 07:12:48",152,",active,","2010-11-18 07:12:48"
",1,",",1,",1,"Centre for European Economic Research (ZEW), Mannheim, Germany","2010-11-18 07:12:48",153,",active,","2010-11-18 07:12:48"
",1,",",1,",1,"University of Exeter, UK","2010-11-18 07:12:48",154,",active,","2010-11-18 07:12:48"
",1,",",1,",1,"Oak Ridge National Laboratory, Oak Ridge, TN","2010-11-18 07:12:48",155,",active,","2010-11-18 07:12:48"
",1,",",1,",1,"Kaiser Franz Josef Hospital Wien, Austria","2010-11-18 07:12:48",156,",active,","2010-11-18 07:12:48"
",1,",",1,",1,"INRIA Rhône-Alpes, St Ismier, France","2010-11-18 07:12:49",157,",active,","2010-11-18 07:12:49"
",1,",",1,",1,"Ecole Nationale Supérieure des Télécommunications, Paris, France","2010-11-18 07:12:49",158,",active,","2010-11-18 07:12:49"
",1,",",1,",1,"University of Göttingen, Germany","2010-11-18 07:12:49",159,",active,","2010-11-18 07:12:49"
",1,",",1,",1,"Bethesda, Maryland, MD","2010-11-18 07:12:49",160,",active,","2010-11-18 07:12:49"
",1,",",1,",1,"Berlex, Richmond, CA","2010-11-18 07:12:49",161,",active,","2010-11-18 07:12:49"
",1,",",1,",1,"STMicroelectronics Belgium N.V., Zaventem, Belgium","2010-11-18 07:12:49",162,",active,","2010-11-18 07:12:49"
",1,",",1,",1,"Katholieke Universiteit Leuven, Belgium","2010-11-18 07:12:49",163,",active,","2010-11-18 07:12:49"
",1,",",1,",1,"Posford Haskoning LTD, Peterborough, UK","2010-11-18 07:12:49",164,",active,","2010-11-18 07:12:49"
",1,",",1,",1,"Federal Ministry of Defence, Vienna, Austria","2010-11-18 07:12:49",165,",active,","2010-11-18 07:12:49"
",1,",",1,",1,"National Defence Academy, Vienna, Austria","2010-11-18 07:12:49",166,",active,","2010-11-18 07:12:49"
",1,",",1,",1,"University of Uppsala, Sweden","2010-11-18 07:12:49",167,",active,","2010-11-18 07:12:49"
",1,",",1,",1,"National Research Council of Italy, Naples, Italy","2010-11-18 07:12:49",168,",active,","2010-11-18 07:12:49"
",1,",",1,",1,"Swedish University of Agricultural Sciences, Uppsala, Sweden","2010-11-18 07:12:49",169,",active,","2010-11-18 07:12:49"
",1,",",1,",1,"University of Tel Aviv, Israel","2010-11-18 07:12:49",170,",active,","2010-11-18 07:12:49"
",1,",",1,",1,"University of Maryland, MA","2010-11-18 07:12:49",171,",active,","2010-11-18 07:12:49"
",1,",",1,",1,"Vrije Universiteit de Boelelaan, The Netherlands","2010-11-18 07:12:49",172,",active,","2010-11-18 07:12:49"
",1,",",1,",1,"Bogazici University Istanbul, Turkey","2010-11-18 07:12:49",173,",active,","2010-11-18 07:12:49"
",1,",",1,",1,"University of Economics and Business Admistration, Vienna","2010-11-18 07:12:49",174,",active,","2010-11-18 07:12:49"
",1,",",1,",1,"University of Economics and Business Administration, Vienna","2010-11-18 07:12:49",175,",active,","2010-11-18 07:12:49"
",1,",",1,",1,"Otto-Wolf-Institut für Wirtschaftsordnung, Köln, Germany","2010-11-18 07:12:49",176,",active,","2010-11-18 07:12:49"
",1,",",1,",1,"National University of Singapore, Singapore","2010-11-18 07:12:49",177,",active,","2010-11-18 07:12:49"
",1,",",1,",1,"University of Kent, Canterbury, UK","2010-11-18 07:12:49",178,",active,","2010-11-18 07:12:49"
",1,",",1,",1,"DLR-Deutsches Zentrum für Luft- und Raumfahrt, Wessling, Germany","2010-11-18 07:12:49",179,",active,","2010-11-18 07:12:49"
",1,",",1,",1,"ENST, Paris, France","2010-11-18 07:12:49",180,",active,","2010-11-18 07:12:49"
",1,",",1,",1,"EPFL-I&C, Lausanne, Switzerland","2010-11-18 07:12:49",181,",active,","2010-11-18 07:12:49"
",1,",",1,",1,"University of Edinburg, UK","2010-11-18 07:12:49",182,",active,","2010-11-18 07:12:49"
",1,",",1,",1,"European Commission, Brussels, Belgium","2010-11-18 07:12:49",183,",active,","2010-11-18 07:12:49"
",1,",",1,",1,"Simula Research Laboratory, Lysaker, Norway","2010-11-18 07:12:50",184,",active,","2010-11-18 07:12:50"
",1,",",1,",1,"Helsinki University of Technology, Finland","2010-11-18 07:12:50",185,",active,","2010-11-18 07:12:50"
",1,",",1,",1,"Loughborough University, Leicestershire, UK","2010-11-18 07:12:50",186,",active,","2010-11-18 07:12:50"
",1,",",1,",1,"Manziana, Italy","2010-11-18 07:12:50",187,",active,","2010-11-18 07:12:50"
",1,",",1,",1,"Otto Wagner Spital, Vienna, Austria","2010-11-18 07:12:50",188,",active,","2010-11-18 07:12:50"
",1,",",1,",1,"European Southern Observatory, Santiago, Chile","2010-11-18 07:12:50",189,",active,","2010-11-18 07:12:50"
",1,",",1,",1,"Universidad de Concepcion, Concepcion, Chile","2010-11-18 07:12:50",190,",active,","2010-11-18 07:12:50"
",1,",",1,",1,"Queen's University, Kingston, Canada","2010-11-18 07:12:50",191,",active,","2010-11-18 07:12:50"
",1,",",1,",1,"Robarts Research Institute, London, Canada","2010-11-18 07:12:50",192,",active,","2010-11-18 07:12:50"
",1,",",1,",1,"Universität Dortmund, Germany","2010-11-18 07:12:50",193,",active,","2010-11-18 07:12:50"
",1,",",1,",1,"Technical University of Munich, Germany","2010-11-18 07:12:50",194,",active,","2010-11-18 07:12:50"
",1,",",1,",1,"Rightscom Ltd., London, UK","2010-11-18 07:12:50",195,",active,","2010-11-18 07:12:50"
",1,",",1,",1,"Dillenburg, Germany","2010-11-18 07:12:50",196,",active,","2010-11-18 07:12:50"
",1,",",1,",1,"University of New Brunswick, NB, Canada","2010-11-18 07:12:50",197,",active,","2010-11-18 07:12:50"
",1,",",1,",1,"Dalhousie University, Halifax, NS, Canada","2010-11-18 07:12:50",198,",active,","2010-11-18 07:12:50"
",1,",",1,",1,"University of Mainz, Germany","2010-11-18 07:12:50",199,",active,","2010-11-18 07:12:50"
",1,",",1,",1,"University Hospital, Frankfurt/Main, Germany","2010-11-18 07:12:50",200,",active,","2010-11-18 07:12:50"
",1,",",1,",1,"University Hospital, München, Germany","2010-11-18 07:12:50",201,",active,","2010-11-18 07:12:50"
",1,",",1,",1,"CNRS, Marseille, France","2010-11-18 07:12:50",202,",active,","2010-11-18 07:12:50"
",1,",",1,",1,"Universidad de Chile, Santiago, Chile","2010-11-18 07:12:50",203,",active,","2010-11-18 07:12:50"
",1,",",1,",1,"University of Rochester, NY","2010-11-18 07:12:50",204,",active,","2010-11-18 07:12:50"
",1,",",1,",1,"University of Kassel, Germany","2010-11-18 07:12:50",205,",active,","2010-11-18 07:12:50"
",1,",",1,",1,"Bogor, Indonesia","2010-11-18 07:12:51",206,",active,","2010-11-18 07:12:51"
",1,",",1,",1,"Hopital Bicetre, Kremlin-Bicetre, France","2010-11-18 07:12:51",207,",active,","2010-11-18 07:12:51"
",1,",",1,",1,"Institut National de la Santé et de la Recherche Médicale, Paris, France","2010-11-18 07:12:51",208,",active,","2010-11-18 07:12:51"
",1,",",1,",1,"Rotterdam, The Netherlands","2010-11-18 07:12:51",209,",active,","2010-11-18 07:12:51"
",1,",",1,",1,"Fondation IPSEN, Paris, France","2010-11-18 07:12:51",210,",active,","2010-11-18 07:12:51"
",1,",",1,",1,"Vrije Universiteit Brussel, Belgium","2010-11-18 07:12:51",211,",active,","2010-11-18 07:12:51"
",1,",",1,",1,"RMIT University, Melbourne, VIC, Australia","2010-11-18 07:12:51",212,",active,","2010-11-18 07:12:51"
",1,",",1,",1,"Gerhard-Mercator-Universität Duisburg, Germany","2010-11-18 07:12:51",213,",active,","2010-11-18 07:12:51"
",1,",",1,",1,"Universität Hohenheim, Stuttgart, Germany","2010-11-18 07:12:51",214,",active,","2010-11-18 07:12:51"
",1,",",1,",1,"Technische Universität Wien, Vienna, Austria","2010-11-18 07:12:51",215,",active,","2010-11-18 07:12:51"
",1,",",1,",1,"University of Dayton Center for Materials, Dayton, OH","2010-11-18 07:12:51",216,",active,","2010-11-18 07:12:51"
",1,",",1,",1,"University of Cincinnati, OH","2010-11-18 07:12:51",217,",active,","2010-11-18 07:12:51"
",1,",",1,",1,"The Ohio State University, Columbus, OH","2010-11-18 07:12:51",218,",active,","2010-11-18 07:12:51"
",1,",",1,",1,"Universität Erlangen-Nürnberg, Erlangen, Germany","2010-11-18 07:12:51",219,",active,","2010-11-18 07:12:51"
",1,",",1,",1,"University of Hannover, Germany","2010-11-18 07:12:51",220,",active,","2010-11-18 07:12:51"
",1,",",1,",1,"Universite de Grenoble, St. Martin-d'Heres, France","2010-11-18 07:12:51",221,",active,","2010-11-18 07:12:51"
",1,",",1,",1,"Universiteit Leiden, The Netherlands","2010-11-18 07:12:51",222,",active,","2010-11-18 07:12:51"
",1,",",1,",1,"Fachhochschule Neubrandenburg, Germany","2010-11-18 07:12:51",223,",active,","2010-11-18 07:12:51"
",1,",",1,",1,"Natural Resources Canada, Ottawa, ON, Canada","2010-11-18 07:12:51",224,",active,","2010-11-18 07:12:51"
",1,",",1,",1,"University of Manchester, UK","2010-11-18 07:12:51",225,",active,","2010-11-18 07:12:51"
",1,",",1,",1,"University of Regensburg, Germany","2010-11-18 07:12:51",226,",active,","2010-11-18 07:12:51"
",1,",",1,",1,"University of Münster, Germany","2010-11-18 07:12:51",227,",active,","2010-11-18 07:12:51"
",1,",",1,",1,"RWTH Aachen, Germany","2010-11-18 07:12:51",228,",active,","2010-11-18 07:12:51"
",1,",",1,",1,"PET Zentrum, Bonn, Germany","2010-11-18 07:12:51",229,",active,","2010-11-18 07:12:51"
",1,",",1,",1,"University of Bonn, Germany","2010-11-18 07:12:52",230,",active,","2010-11-18 07:12:52"
",1,",",1,",1,"Duke University, Durham, NC","2010-11-18 07:12:52",231,",active,","2010-11-18 07:12:52"
",1,",",1,",1,"Den Haag, The Netherlands","2010-11-18 07:12:52",232,",active,","2010-11-18 07:12:52"
",1,",",1,",1,"University of Heidelberg, Germany","2010-11-18 07:12:52",233,",active,","2010-11-18 07:12:52"
",1,",",1,",1,"VISX, Inc., Santa Clara, CA","2010-11-18 07:12:52",234,",active,","2010-11-18 07:12:52"
",1,",",1,",1,"Optische Geräte GmbH, Heidelberg, Germany","2010-11-18 07:12:52",235,",active,","2010-11-18 07:12:52"
",1,",",1,",1,"Technische Universität München, Germany","2010-11-18 07:12:52",236,",active,","2010-11-18 07:12:52"
",1,",",1,",1,"Siemens AG, München, Germany","2010-11-18 07:12:52",237,",active,","2010-11-18 07:12:52"
",1,",",1,",1,"University of California at Irvine, CA","2010-11-18 07:12:52",238,",active,","2010-11-18 07:12:52"
",1,",",1,",1,"Freie Universität Berlin, Germany","2010-11-18 07:12:52",239,",active,","2010-11-18 07:12:52"
",1,",",1,",1,"Deutsches Krebsforschungszentrum Heidelberg, Germany","2010-11-18 07:12:52",240,",active,","2010-11-18 07:12:52"
",1,",",1,",1,"Malmö University Hospital, Malmö, Sweden","2010-11-18 07:12:52",241,",active,","2010-11-18 07:12:52"
",1,",",1,",1,"University of Utrecht, The Netherlands","2010-11-18 07:12:52",242,",active,","2010-11-18 07:12:52"
",1,",",1,",1,"Technische Universität Clausthal, Clausthal-Zellerfeld, Germany","2010-11-18 07:12:52",243,",active,","2010-11-18 07:12:52"
",1,",",1,",1,"Universtity of Potsdam, Germany","2010-11-18 07:12:52",244,",active,","2010-11-18 07:12:52"
",1,",",1,",1,"University of Kaiserslautern","2010-11-18 07:12:52",245,",active,","2010-11-18 07:12:52"
",1,",",1,",1,"Köln, Germany","2010-11-18 07:12:52",246,",active,","2010-11-18 07:12:52"
",1,",",1,",1,"Technical University Lodz, Poland","2010-11-18 07:12:52",247,",active,","2010-11-18 07:12:52"
",1,",",1,",1,"N.N. Semenov Institute of Chemical Physics RAS, Moscow, Russia","2010-11-18 07:12:52",248,",active,","2010-11-18 07:12:52"
",1,",",1,",1,"University of Connecticut, Storrs, CT","2010-11-18 07:12:52",249,",active,","2010-11-18 07:12:52"
",1,",",1,",1,"Georgia Institute of Technology, Atlanta, GA","2010-11-18 07:12:52",250,",active,","2010-11-18 07:12:52"
",1,",",1,",1,"University of Barcelona, Spain","2010-11-18 07:12:52",251,",active,","2010-11-18 07:12:52"
",1,",",1,",1,"Universita degli Studi di Modena, Italy","2010-11-18 07:12:53",252,",active,","2010-11-18 07:12:53"
",1,",",1,",1,"Universita di Trento, Povo, Italy","2010-11-18 07:12:53",253,",active,","2010-11-18 07:12:53"
",1,",",1,",1,"Universita degli Studi di Catania, Italy","2010-11-18 07:12:53",254,",active,","2010-11-18 07:12:53"
",1,",",1,",1,"Eötvös University, Budapest, Hungary","2010-11-18 07:12:53",255,",active,","2010-11-18 07:12:53"
",1,",",1,",1,"University of Tübingen, Germany","2010-11-18 07:12:53",256,",active,","2010-11-18 07:12:53"
",1,",",1,",1,"Inter-University Consortium for DAEF, Indore, India","2010-11-18 07:12:53",257,",active,","2010-11-18 07:12:53"
",1,",",1,",1,"University Hospital Liege, Belgium","2010-11-18 07:12:53",258,",active,","2010-11-18 07:12:53"
",1,",",1,",1,"University of California, San Francisco, CA","2010-11-18 07:12:53",259,",active,","2010-11-18 07:12:53"
",1,",",1,",1,"University of Plymouth, UK","2010-11-18 07:12:53",260,",active,","2010-11-18 07:12:53"
",1,",",1,",1,"South Park, PA","2010-11-18 07:12:53",261,",active,","2010-11-18 07:12:53"
",1,",",1,",1,"University of Sunderland, UK","2010-11-18 07:12:53",262,",active,","2010-11-18 07:12:53"
",1,",",1,",1,"DataHost, Athens, Greece","2010-11-18 07:12:53",263,",active,","2010-11-18 07:12:53"
",1,",",1,",1,"Mälardalen University, Västeras, Sweden","2010-11-18 07:12:53",264,",active,","2010-11-18 07:12:53"
",1,",",1,",1,"Swiss Federal Institute of Technology Lausanne, Switzerland","2010-11-18 07:12:53",265,",active,","2010-11-18 07:12:53"
",1,",",1,",1,"Intel Corp., Braunschweig, Germany","2010-11-18 07:12:53",266,",active,","2010-11-18 07:12:53"
",1,",",1,",1,"Westfälische-Wilhelms-Universität, Münster, Germany","2010-11-18 07:12:53",267,",active,","2010-11-18 07:12:53"
",1,",",1,",1,"Bergische Universität Wuppertal, Germany","2010-11-18 07:12:53",268,",active,","2010-11-18 07:12:53"
",1,",",1,",1,"Ludwig-Maximilians-Universität München, Germany","2010-11-18 07:12:53",269,",active,","2010-11-18 07:12:53"
",1,",",1,",1,"Institut für Informationssysteme, Hannover, Germany","2010-11-18 07:12:53",270,",active,","2010-11-18 07:12:53"
",1,",",1,",1,"University of Linköping, Sweden","2010-11-18 07:12:54",271,",active,","2010-11-18 07:12:54"
",1,",",1,",1,"Politecnico di Milano, Italy","2010-11-18 07:12:54",272,",active,","2010-11-18 07:12:54"
",1,",",1,",1,"Universität Würzburg, Germany","2010-11-18 07:12:54",273,",active,","2010-11-18 07:12:54"
",1,",",1,",1,"University of Illinois, Urbana-Champaign, IL","2010-11-18 07:12:54",274,",active,","2010-11-18 07:12:54"
",1,",",1,",1,"Technische Universität Darmstadt, Germany","2010-11-18 07:12:54",275,",active,","2010-11-18 07:12:54"
",1,",",1,",1,"Steklov Mathematical Institute, Moscow, Russia and Universite de Paris-Dauphine, Paris, France","2010-11-18 07:12:54",276,",active,","2010-11-18 07:12:54"
",1,",",1,",1,"University of Pittsburgh, PA","2010-11-18 07:12:54",277,",active,","2010-11-18 07:12:54"
",1,",",1,",1,"Fondation Hopital St.Joseph, Paris, France","2010-11-18 07:12:54",278,",active,","2010-11-18 07:12:54"
",1,",",1,",1,"University of Trento, Povo, Italy","2010-11-18 07:12:54",279,",active,","2010-11-18 07:12:54"
",1,",",1,",1,"Universidad Complutense, Madrid, Spain","2010-11-18 07:12:54",280,",active,","2010-11-18 07:12:54"
",1,",",1,",1,"IBM TJ Watsom Resarch Center, Yorktown Heights, NY","2010-11-18 07:12:54",281,",active,","2010-11-18 07:12:54"
",1,",",1,",1,"Université Paris VII, France","2010-11-18 07:12:54",282,",active,","2010-11-18 07:12:54"
",1,",",1,",1,"Ben Gurion University of Negev, Beer-Sheva, Israel","2010-11-18 07:12:54",283,",active,","2010-11-18 07:12:54"
",1,",",1,",1,"University of Copenhagen, Denmark","2010-11-18 07:12:54",284,",active,","2010-11-18 07:12:54"
",1,",",1,",1,"Scuola Intern. Superiore di Studi Avanzati, Trieste, Italy","2010-11-18 07:12:54",285,",active,","2010-11-18 07:12:54"
",1,",",1,",1,"I.A.C.,Consiglio Nazionale delle Ricerche, Roma, Italy","2010-11-18 07:12:54",286,",active,","2010-11-18 07:12:54"
",1,",",1,",1,"Moscow State University, Moscow, Russia","2010-11-18 07:12:54",287,",active,","2010-11-18 07:12:54"
",1,",",1,",1,"University of Tokyo, Japan","2010-11-18 07:12:54",288,",active,","2010-11-18 07:12:54"
",1,",",1,",1,"University of Lund, Sweden","2010-11-18 07:12:54",289,",active,","2010-11-18 07:12:54"
",1,",",1,",1,"Roma, Italy","2010-11-18 07:12:54",290,",active,","2010-11-18 07:12:54"
",1,",",1,",1,"Indian Statistical Institute, Kolkata, India","2010-11-18 07:12:55",291,",active,","2010-11-18 07:12:55"
",1,",",1,",1,"The United Nations University, Macao, China","2010-11-18 07:12:55",292,",active,","2010-11-18 07:12:55"
",1,",",1,",1,"King's College London, UK","2010-11-18 07:12:55",293,",active,","2010-11-18 07:12:55"
",1,",",1,",1,"University of Cantabria, Santander, Spain","2010-11-18 07:12:55",294,",active,","2010-11-18 07:12:55"
",1,",",1,",1,"INRIA, Sophia-Antipolis, France","2010-11-18 07:12:55",295,",active,","2010-11-18 07:12:55"
",1,",",1,",1,"ENS Lyon, France","2010-11-18 07:12:55",296,",active,","2010-11-18 07:12:55"
",1,",",1,",1,"University Leiden, Netherlands","2010-11-18 07:12:55",297,",active,","2010-11-18 07:12:55"
",1,",",1,",1,"University of Munich, Germany","2010-11-18 07:12:55",298,",active,","2010-11-18 07:12:55"
",1,",",1,",1,"Technische Universität Berlin, Germany","2010-11-18 07:12:55",299,",active,","2010-11-18 07:12:55"
",1,",",1,",1,"Humboldt-Universität zu Berlin, Germany","2010-11-18 07:12:55",300,",active,","2010-11-18 07:12:55"
",1,",",1,",1,"Finnish Institute of Occupational Health, Helsinki, Finland","2010-11-18 07:12:55",301,",active,","2010-11-18 07:12:55"
",1,",",1,",1,"Klinikum der FSU Jena, Germany","2010-11-18 07:12:55",302,",active,","2010-11-18 07:12:55"
",1,",",1,",1,"Karolinska Hospital, Stockholm, Sweden","2010-11-18 07:12:55",303,",active,","2010-11-18 07:12:55"
",1,",",1,",1,"University of Florida, Gainesville, FL","2010-11-18 07:12:55",304,",active,","2010-11-18 07:12:55"
",1,",",1,",1,"Universität Giessen, Germany","2010-11-18 07:12:55",305,",active,","2010-11-18 07:12:55"
",1,",",1,",1,"INRIA-Futurs and LIX, Palaiseau, France","2010-11-18 07:12:55",306,",active,","2010-11-18 07:12:55"
",1,",",1,",1,"Universidade de Évora, Portugal","2010-11-18 07:12:55",307,",active,","2010-11-18 07:12:55"
",1,",",1,",1,"Tel Aviv University, Ramat Aviv, Israel","2010-11-18 07:12:55",308,",active,","2010-11-18 07:12:55"
",1,",",1,",1,"Polytechnical University of Ancona, Italy","2010-11-18 07:12:55",309,",active,","2010-11-18 07:12:55"
",1,",",1,",1,"GREQAM-IDEP, Marseille, France","2010-11-18 07:12:55",310,",active,","2010-11-18 07:12:55"
",1,",",1,",1,"Abdus Salam International Centre for Theoretical Physics, Triest, Italy","2010-11-18 07:12:55",311,",active,","2010-11-18 07:12:55"
",1,",",1,",1,"Tokyo Institute of Technology, Yokohama, Japan","2010-11-18 07:12:55",312,",active,","2010-11-18 07:12:55"
",1,",",1,",1,"ERATO Localized Photon Project, Tokyo, Japan","2010-11-18 07:12:55",313,",active,","2010-11-18 07:12:55"
",1,",",1,",1,"Forschungszentrum Karlsruhe GmbH, Germany","2010-11-18 07:12:55",314,",active,","2010-11-18 07:12:55"
",1,",",1,",1,"Université Louis Pasteur, Strasbourg, France","2010-11-18 07:12:56",315,",active,","2010-11-18 07:12:56"
",1,",",1,",1,"Central Institute of Aviation Motors (CIAM), Moscow, Russia","2010-11-18 07:12:56",316,",active,","2010-11-18 07:12:56"
",1,",",1,",1,"Central Institute of Aviation Motors, Russia","2010-11-18 07:12:56",317,",active,","2010-11-18 07:12:56"
",1,",",1,",1,"University of Queensland, St.Lucia, QLD, Australia","2010-11-18 07:12:56",318,",active,","2010-11-18 07:12:56"
",1,",",1,",1,"National Cheng Kung University, Tainan, Taiwan","2010-11-18 07:12:56",319,",active,","2010-11-18 07:12:56"
",1,",",1,",1,"Università di Roma, ""Tor Vergata"", Italy","2010-11-18 07:12:56",320,",active,","2010-11-18 07:12:56"
",1,",",1,",1,"Mathematical Sciences Research Institute, Berkeley, CA","2010-11-18 07:12:56",321,",active,","2010-11-18 07:12:56"
",1,",",1,",1,"Universität Münster, Germany","2010-11-18 07:12:56",322,",active,","2010-11-18 07:12:56"
",1,",",1,",1,"University Paris VII, Paris, France","2010-11-18 07:12:56",323,",active,","2010-11-18 07:12:56"
",1,",",1,",1,"Nortwestern University, Evanston, IL","2010-11-18 07:12:56",324,",active,","2010-11-18 07:12:56"
",1,",",1,",1,"Molecular Nanosystems, Palo Alto, CA","2010-11-18 07:12:56",325,",active,","2010-11-18 07:12:56"
",1,",",1,",1,"Stanford University, Stanford, CA","2010-11-18 07:12:56",326,",active,","2010-11-18 07:12:56"
",1,",",1,",1,"Max-Planck-Institut, Grenoble, France","2010-11-18 07:12:56",327,",active,","2010-11-18 07:12:56"
",1,",",1,",1,"Holon Academic Institute of Technology, Holon, Israel","2010-11-18 07:12:56",328,",active,","2010-11-18 07:12:56"
",1,",",1,",1,"VDI/VDE-Technologiezentrum Informationstechnik GmbH, Teltow, Germany","2010-11-18 07:12:56",329,",active,","2010-11-18 07:12:56"
",1,",",1,",1,"San Pietro Fatebenefratelli Hospital, Rome, Italy","2010-11-18 07:12:56",330,",active,","2010-11-18 07:12:56"
",1,",",1,",1,"San Giacomo Hospital, Rome, Italy","2010-11-18 07:12:56",331,",active,","2010-11-18 07:12:56"
",1,",",1,",1,"La Sapienza University, Rome, Italy","2010-11-18 07:12:56",332,",active,","2010-11-18 07:12:56"
",1,",",1,",1,"Rochester, MN","2010-11-18 07:12:56",333,",active,","2010-11-18 07:12:56"
",1,",",1,",1,"Mayo Clinic, Rochester, MN","2010-11-18 07:12:56",334,",active,","2010-11-18 07:12:56"
",1,",",1,",1,"Universiti Kebangsaan Malaysia, Bangi, Malaysia","2010-11-18 07:12:57",335,",active,","2010-11-18 07:12:57"
",1,",",1,",1,"University of Arizona, Tucson, AZ","2010-11-18 07:12:57",336,",active,","2010-11-18 07:12:57"
",1,",",1,",1,"University of Mysore, India","2010-11-18 07:12:57",337,",active,","2010-11-18 07:12:57"
",1,",",1,",1,"Information Communication University, Korea","2010-11-18 07:12:57",338,",active,","2010-11-18 07:12:57"
",1,",",1,",1,"Technical University of Catalonia, Barcelona, Spain","2010-11-18 07:12:57",339,",active,","2010-11-18 07:12:57"
",1,",",1,",1,"ICIMAF, La Habana, Cuba","2010-11-18 07:12:57",340,",active,","2010-11-18 07:12:57"
",1,",",1,",1,"Erasmus University Rotterdam, The Netherlands","2010-11-18 07:12:57",341,",active,","2010-11-18 07:12:57"
",1,",",1,",1,"ISEAD, Fontainebleau, France","2010-11-18 07:12:57",342,",active,","2010-11-18 07:12:57"
",1,",",1,",1,"University of Oslo, Norway","2010-11-18 07:12:57",343,",active,","2010-11-18 07:12:57"
",1,",",1,",1,"University of Kent, UK","2010-11-18 07:12:57",344,",active,","2010-11-18 07:12:57"
",1,",",1,",1,"University of Brussels, Belgium","2010-11-18 07:12:57",345,",active,","2010-11-18 07:12:57"
",1,",",1,",1,"Kensington, Australia","2010-11-18 07:12:57",346,",active,","2010-11-18 07:12:57"
",1,",",1,",1,"Science Dialogue Centre, Latvia","2010-11-18 07:12:57",347,",active,","2010-11-18 07:12:57"
",1,",",1,",1,"Institute of Math and Informatics, Lithuania","2010-11-18 07:12:57",348,",active,","2010-11-18 07:12:57"
",1,",",1,",1,"Univ. of Southampton, UK","2010-11-18 07:12:57",349,",active,","2010-11-18 07:12:57"
",1,",",1,",1,"Technical University Chemnitz, Germany","2010-11-18 07:12:57",350,",active,","2010-11-18 07:12:57"
",1,",",1,",1,"University of California, Davis","2010-11-18 07:12:57",351,",active,","2010-11-18 07:12:57"
",1,",",1,",1,"University of California, Davis, CA","2010-11-18 07:12:57",352,",active,","2010-11-18 07:12:57"
",1,",",1,",1,"University of Aberdeen, UK","2010-11-18 07:12:57",353,",active,","2010-11-18 07:12:57"
",1,",",1,",1,"Salzburg, Austria","2010-11-18 07:12:57",354,",active,","2010-11-18 07:12:57"
",1,",",1,",1,"Nanyang Technological University, Singapore, Singapore","2010-11-18 07:12:57",355,",active,","2010-11-18 07:12:57"
",1,",",1,",1,"Università di Pavia, Italy","2010-11-18 07:12:57",356,",active,","2010-11-18 07:12:57"
",1,",",1,",1,"Università di Milano, Italy","2010-11-18 07:12:58",357,",active,","2010-11-18 07:12:58"
",1,",",1,",1,"Università di Trento, Italy","2010-11-18 07:12:58",358,",active,","2010-11-18 07:12:58"
",1,",",1,",1,"Max-Planck-Institut, Freiburg","2010-11-18 07:12:58",359,",active,","2010-11-18 07:12:58"
",1,",",1,",1,"Grupo Ferrer Internacional, Barcelona, Spain","2010-11-18 07:12:58",360,",active,","2010-11-18 07:12:58"
",1,",",1,",1,"Murdoch University, Murdoch, Australia","2010-11-18 07:12:58",361,",active,","2010-11-18 07:12:58"
",1,",",1,",1,"High Performance Computing Center Stuttgart, Germany","2010-11-18 07:12:58",362,",active,","2010-11-18 07:12:58"
",1,",",1,",1,"University of the Aegean, Mytilene, Greece","2010-11-18 07:12:58",363,",active,","2010-11-18 07:12:58"
",1,",",1,",1,"Society for New Age Herbals, New Delhi, India","2010-11-18 07:12:58",364,",active,","2010-11-18 07:12:58"
",1,",",1,",1,"University of Karlsruhe, Germany","2010-11-18 07:12:58",365,",active,","2010-11-18 07:12:58"
",1,",",1,",1,"University of Aarhus, Denmark","2010-11-18 07:12:58",366,",active,","2010-11-18 07:12:58"
",1,",",1,",1,"City College of New York, NY","2010-11-18 07:12:58",367,",active,","2010-11-18 07:12:58"
",1,",",1,",1,"University of Washington, Seattle, WA","2010-11-18 07:12:58",368,",active,","2010-11-18 07:12:58"
",1,",",1,",1,"Huntington Medical Research, Pasadena, CA","2010-11-18 07:12:58",369,",active,","2010-11-18 07:12:58"
",1,",",1,",1,"Wake Forest University, Winston-Salem, NC","2010-11-18 07:12:58",370,",active,","2010-11-18 07:12:58"
",1,",",1,",1,"Max Planck Institute for Metals Research, Stuttgart, Germany","2010-11-18 07:12:58",371,",active,","2010-11-18 07:12:58"
",1,",",1,",1,"Università di Trento, Mesiano, Italy","2010-11-18 07:12:58",372,",active,","2010-11-18 07:12:58"
",1,",",1,",1,"The Nottingham Trent University, UK","2010-11-18 07:12:58",373,",active,","2010-11-18 07:12:58"
",1,",",1,",1,"University of Nottingham, UK","2010-11-18 07:12:58",374,",active,","2010-11-18 07:12:58"
",1,",",1,",1,"Marburg, Germany","2010-11-18 07:12:58",375,",active,","2010-11-18 07:12:58"
",1,",",1,",1,"Laboratoire Central des Ponts et Chausses, Paris, France","2010-11-18 07:12:58",376,",active,","2010-11-18 07:12:58"
",1,",",1,",1,"Università di Roma, Italy","2010-11-18 07:12:58",377,",active,","2010-11-18 07:12:58"
",1,",",1,",1,"Institut für Angewandte Chemie, Berlin, Germany","2010-11-18 07:12:58",378,",active,","2010-11-18 07:12:58"
",1,",",1,",1,"University of Sannio, Benvento, Italy","2010-11-18 07:12:59",379,",active,","2010-11-18 07:12:59"
",1,",",1,",1,"University of Boston, MA","2010-11-18 07:12:59",380,",active,","2010-11-18 07:12:59"
",1,",",1,",1,"Valley Radiation Oncology, Phoenix, AR","2010-11-18 07:12:59",381,",active,","2010-11-18 07:12:59"
",1,",",1,",1,"Rush University, Chicago, IL","2010-11-18 07:12:59",382,",active,","2010-11-18 07:12:59"
",1,",",1,",1,"Heusenstamm, Germany","2010-11-18 07:12:59",383,",active,","2010-11-18 07:12:59"
",1,",",1,",1,"University of Bochum, Germany","2010-11-18 07:12:59",384,",active,","2010-11-18 07:12:59"
",1,",",1,",1,"Riyadh, Saudi Arabia","2010-11-18 07:12:59",385,",active,","2010-11-18 07:12:59"
",1,",",1,",1,"State University of New York, NY","2010-11-18 07:12:59",386,",active,","2010-11-18 07:12:59"
",1,",",1,",1,"University of Newcastle, Callaghan, NSW, Australien","2010-11-18 07:12:59",387,",active,","2010-11-18 07:12:59"
",1,",",1,",1,"Vienna, Austria","2010-11-18 07:12:59",388,",active,","2010-11-18 07:12:59"
",1,",",1,",1,"University of Bologna, Italy","2010-11-18 07:12:59",389,",active,","2010-11-18 07:12:59"
",1,",",1,",1,"Centre National de la Recherche Scientifique, France","2010-11-18 07:12:59",390,",active,","2010-11-18 07:12:59"
",1,",",1,",1,"Medical Research Institute, Tokyo, Japan","2010-11-18 07:12:59",391,",active,","2010-11-18 07:12:59"
",1,",",1,",1,"Klinikum Großhadern, München, Germany","2010-11-18 07:12:59",392,",active,","2010-11-18 07:12:59"
",1,",",1,",1,"Polish Academy of Sciences, Warsaw, Poland","2010-11-18 07:12:59",393,",active,","2010-11-18 07:12:59"
",1,",",1,",1,"University of Michigan, Ann Arbor, MI","2010-11-18 07:12:59",394,",active,","2010-11-18 07:12:59"
",1,",",1,",1,"Musashino Red Cross Hospital, Tokyo, Japan","2010-11-18 07:12:59",395,",active,","2010-11-18 07:12:59"
",1,",",1,",1,"Institute of Evolution, University of Haifa, Israel and N.G. Kholodny Institute of Botany, NASU, Kie","2010-11-18 07:12:59",396,",active,","2010-11-18 07:12:59"
",1,",",1,",1,"Motorola, Schaumburg, IL, USA","2010-11-18 07:13:00",397,",active,","2010-11-18 07:13:00"
",1,",",1,",1,"Dept. of Mathematics, University of Haifa, Israel","2010-11-18 07:13:00",398,",active,","2010-11-18 07:13:00"
",1,",",1,",1,"Plymouth Environment Research Centre, Dept. of Biological Sciences, University of Plymouth, UK","2010-11-18 07:13:00",399,",active,","2010-11-18 07:13:00"
",1,",",1,",1,"Institute of Biology, University of Iceland, Reykjavík, Iceland","2010-11-18 07:13:00",400,",active,","2010-11-18 07:13:00"
",1,",",1,",1,"Dept. of Zoology, University of Stockholm, Sweden","2010-11-18 07:13:00",401,",active,","2010-11-18 07:13:00"
",1,",",1,",1,"Marine Research Institute, Reykjavík, Iceland","2010-11-18 07:13:00",402,",active,","2010-11-18 07:13:00"
",1,",",1,",1,"European Communications Engineering Ltd., Helsinki, Finland","2010-11-18 07:13:00",403,",active,","2010-11-18 07:13:00"
",1,",",1,",1,"University of Miskolc, Hungary","2010-11-18 07:13:00",404,",active,","2010-11-18 07:13:00"
",1,",",1,",1,"Fachbereich Biologie/Chemie der Universität Osnabrück, Germany","2010-11-18 07:13:00",405,",active,","2010-11-18 07:13:00"
",1,",",1,",1,"Institute for Environmental Systems Research, Universität Osnabrück, Germany","2010-11-18 07:13:00",406,",active,","2010-11-18 07:13:00"
",1,",",1,",1,"Institute of Microelectronics of Seville, Spanish Microelectronics Center IMSE-CNM (CSIC) and Dept. ","2010-11-18 07:13:00",407,",active,","2010-11-18 07:13:00"
",1,",",1,",1,"ST Microelectronics, Belgium","2010-11-18 07:13:00",408,",active,","2010-11-18 07:13:00"
",1,",",1,",1,"Centre d'Immunologie INSERMS-CNRS de Marseille, France","2010-11-18 07:13:00",409,",active,","2010-11-18 07:13:00"
",1,",",1,",1,"University of Cambridge, Faculty of Economics, UK","2010-11-18 07:13:00",410,",active,","2010-11-18 07:13:00"
",1,",",1,",1,"The Beijer International Institute of Ecological Economics, Stockholm, Sweden","2010-11-18 07:13:00",411,",active,","2010-11-18 07:13:00"
",1,",",1,",1,"Institute of Mathematics and Center for Rationality and Interactive Decision Theory, The Hebrew Univ","2010-11-18 07:13:00",412,",active,","2010-11-18 07:13:00"
",1,",",1,",1,"Dept. of Economics, University of Southern Denmark, Odense, Denmark","2010-11-18 07:13:00",413,",active,","2010-11-18 07:13:00"
",1,",",1,",1,"Landau Institute for Theoretical Physics, Russian Academy of Science, Moscow, Russia","2010-11-18 07:13:00",414,",active,","2010-11-18 07:13:00"
",1,",",1,",1,"Dept. de Física Teórica II, Universidad Complutense de Madrid, Spain","2010-11-18 07:13:00",415,",active,","2010-11-18 07:13:00"
",1,",",1,",1,"Dept. de Física Teórica, Universidad Complutense de Madrid, Spain","2010-11-18 07:13:01",416,",active,","2010-11-18 07:13:01"
",1,",",1,",1,"Center for Astronomy, Solar Radiation and Climate, University of Southern Queensland, Toowoomba, Aus","2010-11-18 07:13:01",417,",active,","2010-11-18 07:13:01"
",1,",",1,",1,"Dept. of Anthropology, University of California San Diego, La Jolla","2010-11-18 07:13:01",418,",active,","2010-11-18 07:13:01"
",1,",",1,",1,"Kapteyn Institute, University of Groningen, The Netherlands","2010-11-18 07:13:01",419,",active,","2010-11-18 07:13:01"
",1,",",1,",1,"Astronomical Institute","2010-11-18 07:13:01",420,",active,","2010-11-18 07:13:01"
",1,",",1,",1,"Carrick Institute for Graduate Sciences, Cape Canaveral, FL","2010-11-18 07:13:01",421,",active,","2010-11-18 07:13:01"
",1,",",1,",1,"Rensselaer Polytechnic Institute, Troy, NY","2010-11-18 07:13:01",422,",active,","2010-11-18 07:13:01"
",1,",",1,",1,"Georgia Institute of Technology, Atlanta, USA","2010-11-18 07:13:01",423,",active,","2010-11-18 07:13:01"
",1,",",1,",1,"INSEAD, Fontainebleau, France","2010-11-18 07:13:01",424,",active,","2010-11-18 07:13:01"
",1,",",1,",1,"Dept. of Mathematics, Louisiana State University, Baton Rouge","2010-11-18 07:13:01",425,",active,","2010-11-18 07:13:01"
",1,",",1,",1,"Dept. of Mathematics, Sichuan University, PR of China","2010-11-18 07:13:01",426,",active,","2010-11-18 07:13:01"
",1,",",1,",1,"Centro de Astrofísica da Universidade do Porto, Portugal","2010-11-18 07:13:01",427,",active,","2010-11-18 07:13:01"
",1,",",1,",1,"University of Geneva, Switzerland","2010-11-18 07:13:01",428,",active,","2010-11-18 07:13:01"
",1,",",1,",1,"University of Nantes, France","2010-11-18 07:13:01",429,",active,","2010-11-18 07:13:01"
",1,",",1,",1,"University of Toulouse Le Mirail, France","2010-11-18 07:13:01",430,",active,","2010-11-18 07:13:01"
",1,",",1,",1,"Dept. of Mechanical Engineering, Stanford University, CA","2010-11-18 07:13:01",431,",active,","2010-11-18 07:13:01"
",1,",",1,",1,"Universidad de la Rep·blica and CCC S.A., Montevideo, Uruguay","2010-11-18 07:13:01",432,",active,","2010-11-18 07:13:01"
",1,",",1,",1,"UniversitΘ catholique de Louvain, Belgium","2010-11-18 07:13:01",433,",active,","2010-11-18 07:13:01"
",1,",",1,",1,"UniversitΣt Bremen, Germany","2010-11-18 07:13:01",434,",active,","2010-11-18 07:13:01"
",1,",",1,",1,"Institute of Cytology and Genetics, Novosibirsk, Russian Federation","2010-11-18 07:13:01",435,",active,","2010-11-18 07:13:01"
",1,",",1,",1,"Bielefeld University, Germany","2010-11-18 07:13:01",436,",active,","2010-11-18 07:13:01"
",1,",",1,",1,"Martin-Luther-University Halle-Wittenberg, Germany","2010-11-18 07:13:01",437,",active,","2010-11-18 07:13:01"
",1,",",1,",1,"DResearch Digital Media Systems GmbH, Germany","2010-11-18 07:13:01",438,",active,","2010-11-18 07:13:01"
",1,",",1,",1,"Center for Risk Communication, Columbia University, New York; and University of California, Berkeley","2010-11-18 07:13:02",439,",active,","2010-11-18 07:13:02"
",1,",",1,",1,"Georgetown University Medical Center, Washington, D.C.","2010-11-18 07:13:02",440,",active,","2010-11-18 07:13:02"
",1,",",1,",1,"US Environmental Protection Agency, NY","2010-11-18 07:13:02",441,",active,","2010-11-18 07:13:02"
",1,",",1,",1,"Académie de Créteil, France","2010-11-18 07:13:02",442,",active,","2010-11-18 07:13:02"
",1,",",1,",1,"Albert Einstein College of Medicine, Dept. of Epidemiology and Population Health, Bronx, NY","2010-11-18 07:13:02",443,",active,","2010-11-18 07:13:02"
",1,",",1,",1,"Johns Hopkins Bloomberg School of Public Health, Depts. of Molecular Microbiology and Immunology, Ba","2010-11-18 07:13:02",444,",active,","2010-11-18 07:13:02"
",1,",",1,",1,"Dept. of Electrical Engineering, Stanford University, CA","2010-11-18 07:13:02",445,",active,","2010-11-18 07:13:02"
",1,",",1,",1,"World Food Ltd., Helsinki, Finland","2010-11-18 07:13:02",446,",active,","2010-11-18 07:13:02"
",1,",",1,",1,"International Atomic Energy Agency, FAO/IAEA Joint Division, Vienna, Austria","2010-11-18 07:13:02",447,",active,","2010-11-18 07:13:02"
",1,",",1,",1,"Dept. of Immunology, Imperial College London, UK","2010-11-18 07:13:02",448,",active,","2010-11-18 07:13:02"
",1,",",1,",1,"Center for Advanced Materials Processing, Clarkson University, Potsdam, NY","2010-11-18 07:13:02",449,",active,","2010-11-18 07:13:02"
",1,",",1,",1,"University of Geneva, Sciences II, Switzerland","2010-11-18 07:13:02",450,",active,","2010-11-18 07:13:02"
",1,",",1,",1,"University of Massachusetts Medical School and Shriver Center, Waltham","2010-11-18 07:13:02",451,",active,","2010-11-18 07:13:02"
",1,",",1,",1,"University of Virginia School of Medicine, Charlottesville","2010-11-18 07:13:02",452,",active,","2010-11-18 07:13:02"
",1,",",1,",1,"Temple University School of Medicine, Philadelphia, PA, USA","2010-11-18 07:13:02",453,",active,","2010-11-18 07:13:02"
",1,",",1,",1,"School of Medicine Ribeirπo Preto University of Sπo Paulo, Brazil","2010-11-18 07:13:02",454,",active,","2010-11-18 07:13:02"
",1,",",1,",1,"University of Sydney, Royal North Shore Hospital, NSW, Australia","2010-11-18 07:13:02",455,",active,","2010-11-18 07:13:02"
",1,",",1,",1,"Cornell University, Ithaca, NY","2010-11-18 07:13:02",456,",active,","2010-11-18 07:13:02"
",1,",",1,",1,"Museu Goeldi, Brazil","2010-11-18 07:13:02",457,",active,","2010-11-18 07:13:02"
",1,",",1,",1,"University of Bayreuth, Germany","2010-11-18 07:13:02",458,",active,","2010-11-18 07:13:02"
",1,",",1,",1,"University of Southern Illinois","2010-11-18 07:13:02",459,",active,","2010-11-18 07:13:02"
",1,",",1,",1,"Academy of Science of the Czech Republic, Prague, Czech Republic","2010-11-18 07:13:02",460,",active,","2010-11-18 07:13:02"
",1,",",1,",1,"GSF - National Research Centre, Munich/Neuherberg, Germany","2010-11-18 07:13:02",461,",active,","2010-11-18 07:13:02"
",1,",",1,",1,"Dept. of Electrical and Computer Engineering, Louisiana State University, Baton Rouge","2010-11-18 07:13:03",462,",active,","2010-11-18 07:13:03"
",1,",",1,",1,"School of Education, Hebrew University, Jerusalem, Israel","2010-11-18 07:13:03",463,",active,","2010-11-18 07:13:03"
",1,",",1,",1,"Dept. of Chemistry, Fordham University, Bronx, NY","2010-11-18 07:13:03",464,",active,","2010-11-18 07:13:03"
",1,",",1,",1,"Dept. of Chemistry and Biochemistry, University of Denver, CO","2010-11-18 07:13:03",465,",active,","2010-11-18 07:13:03"
",1,",",1,",1,"Dept. of Biosciences, M.D. University, Rohtak, India","2010-11-18 07:13:03",466,",active,","2010-11-18 07:13:03"
",1,",",1,",1,"The Hospital for Sick Children Research Institute, Toronto, Canada","2010-11-18 07:13:03",467,",active,","2010-11-18 07:13:03"
",1,",",1,",1,"National Research Centre for Citrus (Indian Council of Agricultural Research), Nagpur, India","2010-11-18 07:13:03",468,",active,","2010-11-18 07:13:03"
",1,",",1,",1,"Dept. of Industrial and Systems Engineering, University of Florida, Gainesville","2010-11-18 07:13:03",469,",active,","2010-11-18 07:13:03"
",1,",",1,",1,"Dept. of Neurology, University of Florida, Gainesville","2010-11-18 07:13:03",470,",active,","2010-11-18 07:13:03"
",1,",",1,",1,"Dept. of Pediatrics and Neurology, University of Florida, Gainesville","2010-11-18 07:13:03",471,",active,","2010-11-18 07:13:03"
",1,",",1,",1,"Dept. of Bioengineering, Arizona State University, Tempe","2010-11-18 07:13:03",472,",active,","2010-11-18 07:13:03"
",1,",",1,",1,"Centre Hospitalier Universitaire Vaudois, Lausanne, Switzerland","2010-11-18 07:13:03",473,",active,","2010-11-18 07:13:03"
",1,",",1,",1,"Universität Halle-Wittenberg, Halle, Germany","2010-11-18 07:13:03",474,",active,","2010-11-18 07:13:03"
",1,",",1,",1,"Medical College of Wisconsin, Milwaukee, WI","2010-11-18 07:13:03",475,",active,","2010-11-18 07:13:03"
",1,",",1,",1,"Vermont Orthopaedic Clinic, Rutland, VT","2010-11-18 07:13:03",476,",active,","2010-11-18 07:13:03"
",1,",",1,",1,"The Hospital for Joint Diseases, New York, NY","2010-11-18 07:13:03",477,",active,","2010-11-18 07:13:03"
",1,",",1,",1,"University of Bremen, Germany","2010-11-18 07:13:03",478,",active,","2010-11-18 07:13:03"
",1,",",1,",1,"University of Konstanz, Germany","2010-11-18 07:13:03",479,",active,","2010-11-18 07:13:03"
",1,",",1,",1,"Bournemouth University, Ringwood, UK","2010-11-18 07:13:04",480,",active,","2010-11-18 07:13:04"
",1,",",1,",1,"Nethergate Brewing Company, UK","2010-11-18 07:13:04",481,",active,","2010-11-18 07:13:04"
",1,",",1,",1,"University of Surrey, UK","2010-11-18 07:13:04",482,",active,","2010-11-18 07:13:04"
",1,",",1,",1,"University Hospital Geneva, Switzerland","2010-11-18 07:13:04",483,",active,","2010-11-18 07:13:04"
",1,",",1,",1,"Lübeck, Germany","2010-11-18 07:13:04",484,",active,","2010-11-18 07:13:04"
",1,",",1,",1,"Paris, France","2010-11-18 07:13:04",485,",active,","2010-11-18 07:13:04"
",1,",",1,",1,"Albert Einstein College of Medicine, Bronx, NY","2010-11-18 07:13:04",486,",active,","2010-11-18 07:13:04"
",1,",",1,",1,"Lindon, UT","2010-11-18 07:13:04",487,",active,","2010-11-18 07:13:04"
",1,",",1,",1,"Columbus, OH","2010-11-18 07:13:04",488,",active,","2010-11-18 07:13:04"
",1,",",1,",1,"St.Albans, UK","2010-11-18 07:13:04",489,",active,","2010-11-18 07:13:04"
",1,",",1,",1,"Universitäts-Augenklinik Heidelberg, Germany","2010-11-18 07:13:04",490,",active,","2010-11-18 07:13:04"
",1,",",1,",1,"Universitätsklinik Heidelberg","2010-11-18 07:13:04",491,",active,","2010-11-18 07:13:04"
",1,",",1,",1,"GEOMAR, Kiel","2010-11-18 07:13:04",492,",active,","2010-11-18 07:13:04"
",1,",",1,",1,"University of California, Los Angeles, CA, USA","2010-11-18 07:13:04",493,",active,","2010-11-18 07:13:04"
",1,",",1,",1,"University of Cape Town, South Africa","2010-11-18 07:13:04",494,",active,","2010-11-18 07:13:04"
",1,",",1,",1,"University of Grenoble I, France","2010-11-18 07:13:04",495,",active,","2010-11-18 07:13:04"
",1,",",1,",1,"Max-Planck-Institut für Kernphysik, Heidelberg, Germany","2010-11-18 07:13:04",496,",active,","2010-11-18 07:13:04"
",1,",",1,",1,"SAP AG, Walldorf, Germany","2010-11-18 07:13:04",497,",active,","2010-11-18 07:13:04"
",1,",",1,",1,"University of Hamburg, Germany","2010-11-18 07:13:04",498,",active,","2010-11-18 07:13:04"
",1,",",1,",1,"The Free Haven Project, Cambridge, MA","2010-11-18 07:13:04",499,",active,","2010-11-18 07:13:04"
",1,",",1,",1,"Manchester Metropolitan University, Manchester, UK","2010-11-18 07:13:04",500,",active,","2010-11-18 07:13:04"
",1,",",1,",1,"Manchester Metropolitan University,Manchester, UK","2010-11-18 07:13:05",501,",active,","2010-11-18 07:13:05"
",1,",",1,",1,"The University of Melbourne, VIC, Australia","2010-11-18 07:13:05",502,",active,","2010-11-18 07:13:05"
",1,",",1,",1,"Greqam (CNRS), Marseille, France","2010-11-18 07:13:05",503,",active,","2010-11-18 07:13:05"
",1,",",1,",1,"South Bank University, London, UK","2010-11-18 07:13:05",504,",active,","2010-11-18 07:13:05"
",1,",",1,",1,"University of Newcastle, UK","2010-11-18 07:13:05",505,",active,","2010-11-18 07:13:05"
",1,",",1,",1,"University of South Florida, Tampa, USA","2010-11-18 07:13:05",506,",active,","2010-11-18 07:13:05"
",1,",",1,",1,"Hong Kong University of Science and Technology, Kowloon","2010-11-18 07:13:05",507,",active,","2010-11-18 07:13:05"
",1,",",1,",1,"University of Kaiserslautern, Germany","2010-11-18 07:13:05",508,",active,","2010-11-18 07:13:05"
",1,",",1,",1,"Fraunhofer Institute for Experimental Software Engineering, Kaiserslautern, Germany","2010-11-18 07:13:05",509,",active,","2010-11-18 07:13:05"
",1,",",1,",1,"IMS, Dublin, Ireland","2010-11-18 07:13:05",510,",active,","2010-11-18 07:13:05"
",1,",",1,",1,"Daimler Chrysler AG, Ulm, Germany","2010-11-18 07:13:05",511,",active,","2010-11-18 07:13:05"
",1,",",1,",1,"Kaidara, Paris, France","2010-11-18 07:13:05",512,",active,","2010-11-18 07:13:05"
",1,",",1,",1,"University of Frankfurt, Germany","2010-11-18 07:13:05",513,",active,","2010-11-18 07:13:05"
",1,",",1,",1,"École Polytechnique, Palaiseau, France","2010-11-18 07:13:05",514,",active,","2010-11-18 07:13:05"
",1,",",1,",1,"Northwestern University, Evanston, IL","2010-11-18 07:13:05",515,",active,","2010-11-18 07:13:05"
",1,",",1,",1,"CNRS and École Polytechnique, Palaiseau, France","2010-11-18 07:13:05",516,",active,","2010-11-18 07:13:05"
",1,",",1,",1,"University of Beijing, P.R. China","2010-11-18 07:13:05",517,",active,","2010-11-18 07:13:05"
",1,",",1,",1,"Universita degli Studi 'La Sapienza' Roma, Italy","2010-11-18 07:13:05",518,",active,","2010-11-18 07:13:05"
",1,",",1,",1,"University of Austin, TX","2010-11-18 07:13:05",519,",active,","2010-11-18 07:13:05"
",1,",",1,",1,"Helsinki University of Technology, Helsiniki, Finland","2010-11-18 07:13:05",520,",active,","2010-11-18 07:13:05"
",1,",",1,",1,"Lund Institute of Technology, Lund, Sweden","2010-11-18 07:13:05",521,",active,","2010-11-18 07:13:05"
",1,",",1,",1,"Institute for Economic Research and Policy Consulting, Kiyiv, Ukraine","2010-11-18 07:13:06",522,",active,","2010-11-18 07:13:06"
",1,",",1,",1,"DIW Berlin, Germany","2010-11-18 07:13:06",523,",active,","2010-11-18 07:13:06"
",1,",",1,",1,"Osteuropa-Institut München, Germany","2010-11-18 07:13:06",524,",active,","2010-11-18 07:13:06"
",1,",",1,",1,"Tata Institute of Fundamental Research, Mumbai, India","2010-11-18 07:13:06",525,",active,","2010-11-18 07:13:06"
",1,",",1,",1,"Eeuwfesstkliniek, Antwerp, Belgium","2010-11-18 07:13:06",526,",active,","2010-11-18 07:13:06"
",1,",",1,",1,"Orthopädische Klinik München-Harlaching, Munich, Germany","2010-11-18 07:13:06",527,",active,","2010-11-18 07:13:06"
",1,",",1,",1,"Centre Hospitalier Molière, Brussels, Belgium","2010-11-18 07:13:06",528,",active,","2010-11-18 07:13:06"
",1,",",1,",1,"Maurice E.Müller Institute for Ebaluation Researach and Documentation, Berne, Switzerland","2010-11-18 07:13:06",529,",active,","2010-11-18 07:13:06"
",1,",",1,",1,"Chinese Academy of Sciences, Beijing, China","2010-11-18 07:13:06",530,",active,","2010-11-18 07:13:06"
",1,",",1,",1,"Technical University of Denmark, Sweden","2010-11-18 07:13:06",531,",active,","2010-11-18 07:13:06"
",1,",",1,",1,"Lancaster University, UK","2010-11-18 07:13:06",532,",active,","2010-11-18 07:13:06"
",1,",",1,",1,"University of Guelph, Canada","2010-11-18 07:13:06",533,",active,","2010-11-18 07:13:06"
",1,",",1,",1,"University of Reading, UK","2010-11-18 07:13:06",534,",active,","2010-11-18 07:13:06"
",1,",",1,",1,"Ministry of Health, Welfare and Sports, The Netherlands","2010-11-18 07:13:06",535,",active,","2010-11-18 07:13:06"
",1,",",1,",1,"Europäische Akademie Bad Neuenahr-Ahrweiler GmbH, Germany","2010-11-18 07:13:06",536,",active,","2010-11-18 07:13:06"
",1,",",1,",1,"University of Southern California, Los Angeles, CA","2010-11-18 07:13:06",537,",active,","2010-11-18 07:13:06"
",1,",",1,",1,"The University of Queensland, Brisbane, Qld, Australia","2010-11-18 07:13:06",538,",active,","2010-11-18 07:13:06"
",1,",",1,",1,"University of Moratuwa, Colombo, Sri Lanka","2010-11-18 07:13:06",539,",active,","2010-11-18 07:13:06"
",1,",",1,",1,"University of Tilburg, The Netherlands","2010-11-18 07:13:06",540,",active,","2010-11-18 07:13:06"
",1,",",1,",1,"Reseda, CA, USA","2010-11-18 07:13:06",541,",active,","2010-11-18 07:13:06"
",1,",",1,",1,"Fraunhofer Institute Software- und Systemtechnik, Berlin, Germany","2010-11-18 07:13:07",542,",active,","2010-11-18 07:13:07"
",1,",",1,",1,"Baptist University, Hong Kong, China","2010-11-18 07:13:07",543,",active,","2010-11-18 07:13:07"
",1,",",1,",1,"Queens University, Kingston, OT, Canada","2010-11-18 07:13:07",544,",active,","2010-11-18 07:13:07"
",1,",",1,",1,"Tucson, AZ","2010-11-18 07:13:07",545,",active,","2010-11-18 07:13:07"
",1,",",1,",1,"Kiel Institute for World Economics, Kiel, Germany","2010-11-18 07:13:07",546,",active,","2010-11-18 07:13:07"
",1,",",1,",1,"Technische Universität Cottbus, Germany","2010-11-18 07:13:07",547,",active,","2010-11-18 07:13:07"
",1,",",1,",1,"University of Düsseldorf, Germany","2010-11-18 07:13:07",548,",active,","2010-11-18 07:13:07"
",1,",",1,",1,"Tuscaloosa, AL","2010-11-18 07:13:07",549,",active,","2010-11-18 07:13:07"
",1,",",1,",1,"Lakewood, CL","2010-11-18 07:13:07",550,",active,","2010-11-18 07:13:07"
",1,",",1,",1,"Oakridge, Tennessee","2010-11-18 07:13:07",551,",active,","2010-11-18 07:13:07"
",1,",",1,",1,"Freiberg, Germany","2010-11-18 07:13:07",552,",active,","2010-11-18 07:13:07"
",1,",",1,",1,"University of Rome, Italy","2010-11-18 07:13:07",553,",active,","2010-11-18 07:13:07"
",1,",",1,",1,"University of Florence, Italy","2010-11-18 07:13:07",554,",active,","2010-11-18 07:13:07"
",1,",",1,",1,"University of Kyoto, Japan","2010-11-18 07:13:07",555,",active,","2010-11-18 07:13:07"
",1,",",1,",1,"Kyushu University, Fukuoka, Japan","2010-11-18 07:13:07",556,",active,","2010-11-18 07:13:07"
",1,",",1,",1,"University of Wisconsin, Madison, WI","2010-11-18 07:13:07",557,",active,","2010-11-18 07:13:07"
",1,",",1,",1,"Independent University of Moscow, Russia","2010-11-18 07:13:07",558,",active,","2010-11-18 07:13:07"
",1,",",1,",1,"Université Bordeaux, Talence, France","2010-11-18 07:13:07",559,",active,","2010-11-18 07:13:07"
",1,",",1,",1,"Braunschweig, Germany","2010-11-18 07:13:07",560,",active,","2010-11-18 07:13:07"
",1,",",1,",1,"West Sussex, UK","2010-11-18 07:13:07",561,",active,","2010-11-18 07:13:07"
",1,",",1,",1,"Long Beach, CA, USA","2010-11-18 07:13:07",562,",active,","2010-11-18 07:13:07"
",1,",",1,",1,"Foothills Medical Centre, Calgary, AB, Canada","2010-11-18 07:13:08",563,",active,","2010-11-18 07:13:08"
",1,",",1,",1,"University of Alberta, Dept. of Psychology, Edmonton, Alberta, Canada","2010-11-18 07:13:08",564,",active,","2010-11-18 07:13:08"
",1,",",1,",1,"Tokyo Medical and Dental University, Tokyo, Japan","2010-11-18 07:13:08",565,",active,","2010-11-18 07:13:08"
",1,",",1,",1,"National Institutes of Health, Bethesda, MD","2010-11-18 07:13:08",566,",active,","2010-11-18 07:13:08"
",1,",",1,",1,"Ottawa, Canada","2010-11-18 07:13:08",567,",active,","2010-11-18 07:13:08"
",1,",",1,",1,"ENEA-CR, S. Maria di Galeria, Italy","2010-11-18 07:13:08",568,",active,","2010-11-18 07:13:08"
",1,",",1,",1,"Zorneding, Germany","2010-11-18 07:13:08",569,",active,","2010-11-18 07:13:08"
",1,",",1,",1,"Ottobrunn, Germany","2010-11-18 07:13:08",570,",active,","2010-11-18 07:13:08"
",1,",",1,",1,"München, Germany","2010-11-18 07:13:08",571,",active,","2010-11-18 07:13:08"
",1,",",1,",1,"Forschungszentrum Jülich, Germany","2010-11-18 07:13:08",572,",active,","2010-11-18 07:13:08"
",1,",",1,",1,"University Clinic San Carlos, Madrid, Spain","2010-11-18 07:13:08",573,",active,","2010-11-18 07:13:08"
",1,",",1,",1,"Universitario Gregorio Maran≤n, Madrid, Spain","2010-11-18 07:13:08",574,",active,","2010-11-18 07:13:08"
",1,",",1,",1,"University of Osaka, Japan","2010-11-18 07:13:08",575,",active,","2010-11-18 07:13:08"
",1,",",1,",1,"Unviersity of Osaka, Japan","2010-11-18 07:13:09",576,",active,","2010-11-18 07:13:09"
",1,",",1,",1,"Children's Hospital, Pittsburgh, PA","2010-11-18 07:13:09",577,",active,","2010-11-18 07:13:09"
",1,",",1,",1,"University of Zielona Góra, Poland","2010-11-18 07:13:09",578,",active,","2010-11-18 07:13:09"
",1,",",1,",1,"Warsaw University of Technology, Poland","2010-11-18 07:13:09",579,",active,","2010-11-18 07:13:09"
",1,",",1,",1,"Technical University of Gdansk, Poland","2010-11-18 07:13:09",580,",active,","2010-11-18 07:13:09"
",1,",",1,",1,"University of Technology in Gliwice, Poland","2010-11-18 07:13:09",581,",active,","2010-11-18 07:13:09"
",1,",",1,",1,"Imperial College of Science, Technology and Medicine, London, UK","2010-11-18 07:13:09",582,",active,","2010-11-18 07:13:09"
",1,",",1,",1,"University of Law, Nottingham, UK","2010-11-18 07:13:09",583,",active,","2010-11-18 07:13:09"
",1,",",1,",1,"Austrian Academy of Sciences, Vienna, Austria","2010-11-18 07:13:09",584,",active,","2010-11-18 07:13:09"
",1,",",1,",1,"Technische Universität Wien, Austria","2010-11-18 07:13:09",585,",active,","2010-11-18 07:13:09"
",1,",",1,",1,"Fraunhofer Institut fⁿr Angewandte Festk÷rperphysik (IAF), Freiburg, Germany","2010-11-18 07:13:09",586,",active,","2010-11-18 07:13:09"
",1,",",1,",1,"Hungarian Academy of Sciences, Budapest, Hungary","2010-11-18 07:13:09",587,",active,","2010-11-18 07:13:09"
",1,",",1,",1,"University of New Mexico, Albuquerque, NM","2010-11-18 07:13:09",588,",active,","2010-11-18 07:13:09"
",1,",",1,",1,"Royal Melbourne Institute of Technology, Melbourne, Australia","2010-11-18 07:13:09",589,",active,","2010-11-18 07:13:09"
",1,",",1,",1,"Martin-Luther-University Halle-Wittenberg","2010-11-18 07:13:09",590,",active,","2010-11-18 07:13:09"
",1,",",1,",1,"Research Academic Computer Technology Institute, Greece","2010-11-18 07:13:09",591,",active,","2010-11-18 07:13:09"
",1,",",1,",1,"University Baia Mare, Romania","2010-11-18 07:13:10",592,",active,","2010-11-18 07:13:10"
",1,",",1,",1,"University of Lancaster, UK","2010-11-18 07:13:10",593,",active,","2010-11-18 07:13:10"
",1,",",1,",1,"Tokai University, Tokyo, Japan","2010-11-18 07:13:10",594,",active,","2010-11-18 07:13:10"
",1,",",1,",1,"University of Ibaraki, Japan","2010-11-18 07:13:10",595,",active,","2010-11-18 07:13:10"
",1,",",1,",1,"National Institute of Telecommunications, Warsaw, Poland","2010-11-18 07:13:10",596,",active,","2010-11-18 07:13:10"
",1,",",1,",1,"Universität der Bundeswehr, Neubiberg, Germany","2010-11-18 07:13:10",597,",active,","2010-11-18 07:13:10"
",1,",",1,",1,"University of Liege, Belgium","2010-11-18 07:13:10",598,",active,","2010-11-18 07:13:10"
",1,",",1,",1,"University of Pisa, Italy","2010-11-18 07:13:10",599,",active,","2010-11-18 07:13:10"
",1,",",1,",1,"University of Utah, Salt Lake City","2010-11-18 07:13:10",600,",active,","2010-11-18 07:13:10"
",1,",",1,",1,"DKFZ, Heidelberg, Germany","2010-11-18 07:13:10",601,",active,","2010-11-18 07:13:10"
",1,",",1,",1,"Evanston Northwestern Healthcare, Evanston, IL","2010-11-18 07:13:10",602,",active,","2010-11-18 07:13:10"
",1,",",1,",1,"University of New York, Stony Brook, NY","2010-11-18 07:13:10",603,",active,","2010-11-18 07:13:10"
",1,",",1,",1,"University of Texas, Arlington, TX","2010-11-18 07:13:10",604,",active,","2010-11-18 07:13:10"
",1,",",1,",1,"University of South Florida, Tampa, FL","2010-11-18 07:13:10",605,",active,","2010-11-18 07:13:10"
",1,",",1,",1,"Romanian Academy, Bucharest, Romania","2010-11-18 07:13:10",606,",active,","2010-11-18 07:13:10"
",1,",",1,",1,"Lausanne, Switzerland","2010-11-18 07:13:10",607,",active,","2010-11-18 07:13:10"
",1,",",1,",1,Stuttgart,"2010-11-18 07:13:10",608,",active,","2010-11-18 07:13:10"
",1,",",1,",1,"Texas A&M University, TX","2010-11-18 07:13:10",609,",active,","2010-11-18 07:13:10"
",1,",",1,",1,"University of Florida, FL","2010-11-18 07:13:10",610,",active,","2010-11-18 07:13:10"
",1,",",1,",1,"Institut für Mineralogie und Geochemie, Karlsruhe, Germany","2010-11-18 07:13:10",611,",active,","2010-11-18 07:13:10"
",1,",",1,",1,"Institut für Geology, Göttingen, Germany","2010-11-18 07:13:10",612,",active,","2010-11-18 07:13:10"
",1,",",1,",1,"National Ukrainian Academy of Sciences, Kiev, Ukraine","2010-11-18 07:13:10",613,",active,","2010-11-18 07:13:10"
",1,",",1,",1,"Technical University Dresden, Germany","2010-11-18 07:13:11",614,",active,","2010-11-18 07:13:11"
",1,",",1,",1,"MPI of Molecular and Cell Biology, Dresden, Germany","2010-11-18 07:13:11",615,",active,","2010-11-18 07:13:11"
",1,",",1,",1,"Hahn-Meitner-Institut Berlin, Germany","2010-11-18 07:13:11",616,",active,","2010-11-18 07:13:11"
",1,",",1,",1,"University of Saarbrücken, Germany","2010-11-18 07:13:11",617,",active,","2010-11-18 07:13:11"
",1,",",1,",1,"CREA, Paris, France","2010-11-18 07:13:11",618,",active,","2010-11-18 07:13:11"
",1,",",1,",1,"L'Ecole Normale Supérieure, Paris, France","2010-11-18 07:13:11",619,",active,","2010-11-18 07:13:11"
",1,",",1,",1,"USC Berkeley, CA.","2010-11-18 07:13:11",620,",active,","2010-11-18 07:13:11"
",1,",",1,",1,"BT Exact Technologies, UK","2010-11-18 07:13:11",621,",active,","2010-11-18 07:13:11"
",1,",",1,",1,"Iona College, New Rochelle, NY","2010-11-18 07:13:11",622,",active,","2010-11-18 07:13:11"
",1,",",1,",1,"University of Graz, Austria","2010-11-18 07:13:11",623,",active,","2010-11-18 07:13:11"
",1,",",1,",1,"Les Clays-sous-Bois, France","2010-11-18 07:13:11",624,",active,","2010-11-18 07:13:11"
",1,",",1,",1,"Harvard Medical School, Boston","2010-11-18 07:13:11",625,",active,","2010-11-18 07:13:11"
",1,",",1,",1,"McGill Centre for Studies in Aging, Verdun, QC, Canada","2010-11-18 07:13:11",626,",active,","2010-11-18 07:13:11"
",1,",",1,",1,"Xi'an Jiatong University, X'ian, China","2010-11-18 07:13:11",627,",active,","2010-11-18 07:13:11"
",1,",",1,",1,"Università di Salerno, Italy","2010-11-18 07:13:11",628,",active,","2010-11-18 07:13:11"
",1,",",1,",1,"University of California at Berkeley","2010-11-18 07:13:11",629,",active,","2010-11-18 07:13:11"
",1,",",1,",1,"Humboldt-Universität Berlin, Germany","2010-11-18 07:13:11",630,",active,","2010-11-18 07:13:11"
",1,",",1,",1,"Royal Brompton Hospital, London, UK","2010-11-18 07:13:11",631,",active,","2010-11-18 07:13:11"
",1,",",1,",1,"Imperial College, London, UK","2010-11-18 07:13:11",632,",active,","2010-11-18 07:13:11"
",1,",",1,",1,"St. Petersburg, Russia","2010-11-18 07:13:11",633,",active,","2010-11-18 07:13:11"
",1,",",1,",1,"Bergen, Norway","2010-11-18 07:13:11",634,",active,","2010-11-18 07:13:11"
",1,",",1,",1,"Chia Tung University, Taiwan","2010-11-18 07:13:11",635,",active,","2010-11-18 07:13:11"
",1,",",1,",1,"University of Wuhan, China","2010-11-18 07:13:12",636,",active,","2010-11-18 07:13:12"
",1,",",1,",1,"Medical College of Georgia, Augusta, GA, USA","2010-11-18 07:13:12",637,",active,","2010-11-18 07:13:12"
",1,",",1,",1,"Russian Academy of Sciences, Novosibirsk, Russia","2010-11-18 07:13:12",638,",active,","2010-11-18 07:13:12"
",1,",",1,",1,"Treviso, Italy","2010-11-18 07:13:12",639,",active,","2010-11-18 07:13:12"
",1,",",1,",1,"Regional Hospital Treviso, Italy","2010-11-18 07:13:12",640,",active,","2010-11-18 07:13:12"
",1,",",1,",1,"University of Essen, Germany","2010-11-18 07:13:12",641,",active,","2010-11-18 07:13:12"
",1,",",1,",1,"Moscow, Russia","2010-11-18 07:13:12",642,",active,","2010-11-18 07:13:12"
",1,",",1,",1,"University of Giessen, Germany","2010-11-18 07:13:12",643,",active,","2010-11-18 07:13:12"
",1,",",1,",1,"The Babraham Institute, Cambridge, UK","2010-11-18 07:13:12",644,",active,","2010-11-18 07:13:12"
",1,",",1,",1,"Universität Düsseldorf","2010-11-18 07:13:12",645,",active,","2010-11-18 07:13:12"
",1,",",1,",1,"Polytechnique, Paris, France","2010-11-18 07:13:12",646,",active,","2010-11-18 07:13:12"
",1,",",1,",1,"CEA/Saclay - Orme des Merisiers, Gif-sur-Yvette Cedex, France","2010-11-18 07:13:12",647,",active,","2010-11-18 07:13:12"
",1,",",1,",1,"Sackler Institute of Pulmonary Pharmacology, London, UK","2010-11-18 07:13:12",648,",active,","2010-11-18 07:13:12"
",1,",",1,",1,"National Heart and Lung Institute, London, UK","2010-11-18 07:13:12",649,",active,","2010-11-18 07:13:12"
",1,",",1,",1,"University of Pennsylvania, PA, USA","2010-11-18 07:13:12",650,",active,","2010-11-18 07:13:12"
",1,",",1,",1,"University of Virginia, Charlottesville, VA,","2010-11-18 07:13:13",651,",active,","2010-11-18 07:13:13"
",1,",",1,",1,"Rutgers University, New Brunswick, NJ, USA","2010-11-18 07:13:13",652,",active,","2010-11-18 07:13:13"
",1,",",1,",1,"Iowa State University, Ames, IA","2010-11-18 07:13:13",653,",active,","2010-11-18 07:13:13"
",1,",",1,",1,"Astronomy, University of Maryland, College Park, MD","2010-11-18 07:13:13",654,",active,","2010-11-18 07:13:13"
",1,",",1,",1,"Microsoft Research Ltd. Cambridge, UK","2010-11-18 07:13:13",655,",active,","2010-11-18 07:13:13"
",1,",",1,",1,"Queen Margaret University College, Edinburgh, UK","2010-11-18 07:13:13",656,",active,","2010-11-18 07:13:13"
",1,",",1,",1,"University of Hiroshima, Japan","2010-11-18 07:13:13",657,",active,","2010-11-18 07:13:13"
",1,",",1,",1,"Osaka, Japan","2010-11-18 07:13:13",658,",active,","2010-11-18 07:13:13"
",1,",",1,",1,"Yokohama, Japan","2010-11-18 07:13:13",659,",active,","2010-11-18 07:13:13"
",1,",",1,",1,"Geisinger Clinic, Danville, PA","2010-11-18 07:13:13",660,",active,","2010-11-18 07:13:13"
",1,",",1,",1,"ICASE Institute, NASA Langley Research Center, Hampton, VA","2010-11-18 07:13:13",661,",active,","2010-11-18 07:13:13"
",1,",",1,",1,"University of Amsterdam, The Netherlands","2010-11-18 07:13:13",662,",active,","2010-11-18 07:13:13"
",1,",",1,",1,"Kandilli Observatory and Earthquake Research Institute, Bogammaaziçi University, Istanbul, Turkey","2010-11-18 07:13:13",663,",active,","2010-11-18 07:13:13"
",1,",",1,",1,"University of Southampton, UK","2010-11-18 07:13:13",664,",active,","2010-11-18 07:13:13"
",1,",",1,",1,"University of Delhi, India","2010-11-18 07:13:13",665,",active,","2010-11-18 07:13:13"
",1,",",1,",1,"Dept. of Chemistry, University of Delhi, India","2010-11-18 07:13:13",666,",active,","2010-11-18 07:13:13"
",1,",",1,",1,"Dept. of Electrical and Computer Engineering, University of California, Davis, USA","2010-11-18 07:13:13",667,",active,","2010-11-18 07:13:13"
",1,",",1,",1,"Southwest Research Institute, San Antonio, TX","2010-11-18 07:13:13",668,",active,","2010-11-18 07:13:13"
",1,",",1,",1,"Center for Fluorescence Spectroscopy & Institute of Fluorescence, University of Maryland Biotechnolo","2010-11-18 07:13:13",669,",active,","2010-11-18 07:13:13"
",1,",",1,",1,"Fraunhofer-Institut für Chemische Technologie, (ICT) Pfinztal, Germany","2010-11-18 07:13:13",670,",active,","2010-11-18 07:13:13"
",1,",",1,",1,"V.G. Khlopin Radium Institute, St. Petersburg, Russia","2010-11-18 07:13:13",671,",active,","2010-11-18 07:13:13"
",1,",",1,",1,"Professor Emeritus, Osaka Prefecture University, Sakai, Japan","2010-11-18 07:13:13",672,",active,","2010-11-18 07:13:13"
",1,",",1,",1,"Université de Rennes, France","2010-11-18 07:13:14",673,",active,","2010-11-18 07:13:14"
",1,",",1,",1,"Russian Academy of Sciences, Chernogolovka, Russia","2010-11-18 07:13:14",674,",active,","2010-11-18 07:13:14"
",1,",",1,",1,"University of Liège, Belgium","2010-11-18 07:13:14",675,",active,","2010-11-18 07:13:14"
",1,",",1,",1,"P.P. Shirshov Institute of Oceanology, Moscow, Russia","2010-11-18 07:13:14",676,",active,","2010-11-18 07:13:14"
",1,",",1,",1,"Western Michigan University, Kalamazoo","2010-11-18 07:13:14",677,",active,","2010-11-18 07:13:14"
",1,",",1,",1,"Dept. of International Studies, Universidad Complutense, Madrid, Spain","2010-11-18 07:13:14",678,",active,","2010-11-18 07:13:14"
",1,",",1,",1,"University of Leeds, Dept. of Applied Mathematics, UK","2010-11-18 07:13:14",679,",active,","2010-11-18 07:13:14"
",1,",",1,",1,"Ovidius University, Constanta, Romania","2010-11-18 07:13:14",680,",active,","2010-11-18 07:13:14"
",1,",",1,",1,"University of Cluj, Faculty of Mathematics, Romania","2010-11-18 07:13:14",681,",active,","2010-11-18 07:13:14"
",1,",",1,",1,"Dept. of Mathematics, Cornell University, Ithaca, NY, USA and Dept. of Mathematics, Independent and ","2010-11-18 07:13:14",682,",active,","2010-11-18 07:13:14"
",1,",",1,",1,"Dépt. de mathématiques et de statistique, Université de Montréal, QC, Canada","2010-11-18 07:13:14",683,",active,","2010-11-18 07:13:14"
",1,",",1,",1,"University of Botswana, Gaborone, Botswana","2010-11-18 07:13:14",684,",active,","2010-11-18 07:13:14"
",1,",",1,",1,"Hepatologie und Gastroenterologie, Universitätsklinikum Charité, Humboldt-Universität zu Berlin, Ger","2010-11-18 07:13:14",685,",active,","2010-11-18 07:13:14"
",1,",",1,",1,"Innere Medizin II, Klinikum St. Marien Amberg, Germany","2010-11-18 07:13:14",686,",active,","2010-11-18 07:13:14"
",1,",",1,",1,"Hepatologie u. Gastroenterologie, Universitätsklinikum Charité, Humboldt-Universität zu Berlin, Germ","2010-11-18 07:13:14",687,",active,","2010-11-18 07:13:14"
",1,",",1,",1,"Centre for Liver Research, University of Newcastle Medical School, UK","2010-11-18 07:13:14",688,",active,","2010-11-18 07:13:14"
",1,",",1,",1,"City University of Hong Kong, PR of China","2010-11-18 07:13:14",689,",active,","2010-11-18 07:13:14"
",1,",",1,",1,"Swiss Federal Institute of Technology, Lausanne, Switzerland","2010-11-18 07:13:14",690,",active,","2010-11-18 07:13:14"
",1,",",1,",1,"Electrical Engineering Dept., Stanford University, Palo Alto, CA, USA","2010-11-18 07:13:14",691,",active,","2010-11-18 07:13:14"
",1,",",1,",1,"School of Education, University of Auckland, New Zealand","2010-11-18 07:13:14",692,",active,","2010-11-18 07:13:14"
",1,",",1,",1,"DII - Universitα di Modena e Reggio Emilia, Italy","2010-11-18 07:13:14",693,",active,","2010-11-18 07:13:14"
",1,",",1,",1,"DISMI - Universitα di Modena e Reggio Emilia, Italy","2010-11-18 07:13:14",694,",active,","2010-11-18 07:13:14"
",1,",",1,",1,"STMicroelectronics, Central R&D, Italy","2010-11-18 07:13:14",695,",active,","2010-11-18 07:13:14"
",1,",",1,",1,"ProductSoft, Inc., Pittsburgh, PA, USA","2010-11-18 07:13:14",696,",active,","2010-11-18 07:13:14"
",1,",",1,",1,"University of Twente, Enschede, The Netherlands","2010-11-18 07:13:15",697,",active,","2010-11-18 07:13:15"
",1,",",1,",1,"University of Kiel, Germany","2010-11-18 07:13:15",698,",active,","2010-11-18 07:13:15"
",1,",",1,",1,"Katholieke Universiteit Leuven, Heverlee, Belgium","2010-11-18 07:13:15",699,",active,","2010-11-18 07:13:15"
",1,",",1,",1,"Griffith University, Brisbane, Qld., Australia","2010-11-18 07:13:15",700,",active,","2010-11-18 07:13:15"
",1,",",1,",1,"Italian National Research Council, Italy","2010-11-18 07:13:15",701,",active,","2010-11-18 07:13:15"
",1,",",1,",1,"European Space Research and Technology Centre, ESA/ESTEC, Noordwijk, The Netherlands","2010-11-18 07:13:15",702,",active,","2010-11-18 07:13:15"
",1,",",1,",1,"Dept. of Human Genetics, University of Würzburg, Germany","2010-11-18 07:13:15",703,",active,","2010-11-18 07:13:15"
",1,",",1,",1,"IBM Deutschland Entwicklung GmbH, B÷blingen, Germany","2010-11-18 07:13:15",704,",active,","2010-11-18 07:13:15"
",1,",",1,",1,"Aachen University of Technology, Germany","2010-11-18 07:13:15",705,",active,","2010-11-18 07:13:15"
",1,",",1,",1,"Dept. of Computer Science, Hong Kong Polytechnic University, PR of China","2010-11-18 07:13:15",706,",active,","2010-11-18 07:13:15"
",1,",",1,",1,"Dept. of Systems Design Engineering, University of Waterloo, ON, Canada","2010-11-18 07:13:15",707,",active,","2010-11-18 07:13:15"
",1,",",1,",1,"Dept. of Computing, Hong Kong Polytechnic University, PR of China","2010-11-18 07:13:15",708,",active,","2010-11-18 07:13:15"
",1,",",1,",1,"University of Amsterdam and Free University, The Netherlands","2010-11-18 07:13:15",709,",active,","2010-11-18 07:13:15"
",1,",",1,",1,"York University, Toronto, ON, Canada","2010-11-18 07:13:15",710,",active,","2010-11-18 07:13:15"
",1,",",1,",1,"Dorodnicyn Computing Centre of Russian Academy of Sciences, Moscow, Russia","2010-11-18 07:13:15",711,",active,","2010-11-18 07:13:15"
",1,",",1,",1,"Dept. of Mathematics, University of Evora, Portugal","2010-11-18 07:13:15",712,",active,","2010-11-18 07:13:15"
",1,",",1,",1,"University of Leeds, UK","2010-11-18 07:13:15",713,",active,","2010-11-18 07:13:15"
",1,",",1,",1,"Otto-von-Guericke University, Magdeburg, Germany","2010-11-18 07:13:15",714,",active,","2010-11-18 07:13:15"
",1,",",1,",1,"Dept. of Mathematics and Computer Science, Wake Forest University, Winston-Salem, NC","2010-11-18 07:13:16",715,",active,","2010-11-18 07:13:16"
",1,",",1,",1,"Emory University School of Medicine, Atlanta, GA","2010-11-18 07:13:16",716,",active,","2010-11-18 07:13:16"
",1,",",1,",1,"King Fahd University of Petroleum & Minerals, Saudi Arabia","2010-11-18 07:13:16",717,",active,","2010-11-18 07:13:16"
",1,",",1,",1,"Dipt. di Matematica ed Applicazioni, Università di Palermo, Italy","2010-11-18 07:13:16",718,",active,","2010-11-18 07:13:16"
",1,",",1,",1,"Orion Logic Ltd., London, UK","2010-11-18 07:13:16",719,",active,","2010-11-18 07:13:16"
",1,",",1,",1,"MAPS, Hastings, UK","2010-11-18 07:13:16",720,",active,","2010-11-18 07:13:16"
",1,",",1,",1,"Université de Louvain, Louvain-la-Neuve, Belgium","2010-11-18 07:13:16",721,",active,","2010-11-18 07:13:16"
",1,",",1,",1,"Université du Littoral, Calais, France","2010-11-18 07:13:16",722,",active,","2010-11-18 07:13:16"
",1,",",1,",1,"International Center for Mathematical Modeling in Physics, Engineering, and Cognitive Science, Växjö","2010-11-18 07:13:16",723,",active,","2010-11-18 07:13:16"
",1,",",1,",1,"Institut Laue-Langevin, Grenoble, France","2010-11-18 07:13:16",724,",active,","2010-11-18 07:13:16"
",1,",",1,",1,"Katholieke Universiteit Nijmegen, Sint-Maartenskliniek Research, The Netherlands","2010-11-18 07:13:16",725,",active,","2010-11-18 07:13:16"
",1,",",1,",1,"University of Illinois at Urbana-Champaign","2010-11-18 07:13:16",726,",active,","2010-11-18 07:13:16"