access_read,access_write,active,category_id,classification,created_on,id,isbn,price,publish_date,publish_year,status,title,updated_on
",1,",",1,",1,1,A,"2010-11-18 07:12:42",1,1590593170,59.99,2004-01-05,2004,",active,","Pro ASP.NET Web Forms Techniques, Second Edition","2010-11-18 07:12:42"
",1,",",1,",1,1,A,"2010-11-18 07:12:42",2,1590593189,59.99,2004-01-05,2004,",active,","Distributed Data Applications with ASP.NET, Second Edition","2010-11-18 07:12:42"
",1,",",1,",1,1,A,"2010-11-18 07:12:42",3,1590592174,49.99,2004-01-08,2004,",active,","Mastering Oracle PL/SQL: Practical Solutions","2010-11-18 07:12:42"
",1,",",1,",1,1,A,"2010-11-18 07:12:42",4,1590592271,59.99,2004-01-08,2004,",active,","Ivor Horton¹s Beginning ANSI C++: The Complete Language, Third Edition (2nd printing)","2010-11-18 07:12:42"
",1,",",1,",1,2,A,"2010-11-18 07:12:42",5,0387402497,89.95,2004-01-08,2004,",active,","An Introduction to Biomechanics","2010-11-18 07:12:42"
",1,",",1,",1,3,C,"2010-11-18 07:12:42",6,3211203028,99.00,2004-01-08,2004,",active,","Modern Trends in Composite Laminates Mechanics","2010-11-18 07:12:42"
",1,",",1,",1,4,A,"2010-11-18 07:12:42",7,0387008926,44.95,2004-01-08,2004,",active,","Berkeley Problems in Mathematics","2010-11-18 07:12:42"
",1,",",1,",1,5,C,"2010-11-18 07:12:42",8,3211007954,49.95,2004-01-08,2004,",active,","Global Justice or Global Revenge?","2010-11-18 07:12:42"
",1,",",1,",1,4,A,"2010-11-18 07:12:43",9,0387201696,49.95,2004-01-08,2004,",active,","The Little Book of Bigger Primes","2010-11-18 07:12:43"
",1,",",1,",1,1,B,"2010-11-18 07:12:43",10,1852337753,49.95,2004-01-08,2004,",active,","Common SAP R/3 Functions Manual","2010-11-18 07:12:43"
",1,",",1,",1,6,B,"2010-11-18 07:12:43",11,0387405569,49.95,2004-01-08,2004,",active,","Principles of Vibration and Sound","2010-11-18 07:12:43"
",1,",",1,",1,7,C,"2010-11-18 07:12:43",12,3211404457,49.95,2004-01-08,2004,",active,","Chemical Leasing","2010-11-18 07:12:43"
",1,",",1,",1,1,A,"2010-11-18 07:12:43",13,159059293X,49.99,2004-01-08,2004,",active,","Beginning SQL Server 2000 DBA: From Novice to Professional ","2010-11-18 07:12:43"
",1,",",1,",1,8,C,"2010-11-18 07:12:43",14,038720329X,59.95,2004-01-08,2004,",active,","Probability Matching Priors: Higher Order Asymptotics","2010-11-18 07:12:43"
",1,",",1,",1,1,A,"2010-11-18 07:12:43",15,038795273X,59.95,2004-01-08,2004,",active,","Guide to Elliptic Curve Cryptography","2010-11-18 07:12:43"
",1,",",1,",1,8,A,"2010-11-18 07:12:43",16,0387001352,59.95,2004-01-08,2004,",active,","Design and Analysis of DNA Microarray Investigations","2010-11-18 07:12:43"
",1,",",1,",1,1,C,"2010-11-18 07:12:43",17,3211407561,69.95,2004-01-08,2004,",active,","Planning Based on Decision Theory","2010-11-18 07:12:43"
",1,",",1,",1,4,B,"2010-11-18 07:12:43",18,0387403493,69.95,2004-01-08,2004,",active,","The Theory of Chaotic Attractors","2010-11-18 07:12:43"
",1,",",1,",1,4,A,"2010-11-18 07:12:43",19,0387004440,69.95,2004-01-08,2004,",active,","An Introduction to Partial Differential Equations","2010-11-18 07:12:43"
",1,",",1,",1,9,A,"2010-11-18 07:12:43",20,0387404147,69.95,2004-01-08,2004,",active,","Consumer Informatics","2010-11-18 07:12:43"
",1,",",1,",1,9,C,"2010-11-18 07:12:44",21,4431401997,79.00,2004-01-08,2004,",active,","Stem Cell and Liver Regeneration","2010-11-18 07:12:44"
",1,",",1,",1,1,C,"2010-11-18 07:12:44",22,1852337281,79.95,2004-01-08,2004,",active,","Inhabited Information Spaces","2010-11-18 07:12:44"
",1,",",1,",1,4,A,"2010-11-18 07:12:44",23,0387204296,79.95,2004-01-08,2004,",active,","Berkeley Problems in Mathematics","2010-11-18 07:12:44"
",1,",",1,",1,3,C,"2010-11-18 07:12:44",24,3211005382,79.95,2004-01-08,2004,",active,","Cardiovascular Fluid Mechanics","2010-11-18 07:12:44"
",1,",",1,",1,4,A,"2010-11-18 07:12:44",25,0387403973,79.95,2004-01-08,2004,",active,","Integers, Polynomials, and Rings","2010-11-18 07:12:44"
",1,",",1,",1,6,A,"2010-11-18 07:12:44",26,038700887X,89.95,2004-01-08,2004,",active,","Fundamentals of Applied Dynamics","2010-11-18 07:12:44"
",1,",",1,",1,5,A,"2010-11-18 07:12:44",27,0387404619,98.00,2004-01-08,2004,",active,","Dynamic Modeling for Business Management","2010-11-18 07:12:44"
",1,",",1,",1,4,B,"2010-11-18 07:12:44",28,0387204504,99.00,2004-01-08,2004,",active,","Optimization Methods in Electromagnetic Radiation","2010-11-18 07:12:44"
",1,",",1,",1,4,B,"2010-11-18 07:12:44",29,0387406557,99.00,2004-01-08,2004,",active,","Number Theory","2010-11-18 07:12:44"
",1,",",1,",1,2,C,"2010-11-18 07:12:44",30,4431401989,109.00,2004-01-08,2004,",active,","Dendritic Cells in Clinics","2010-11-18 07:12:44"
",1,",",1,",1,6,B,"2010-11-18 07:12:44",31,0387408363,119.00,2004-01-08,2004,",active,","Fundamentals of Semiconductor Lasers","2010-11-18 07:12:44"
",1,",",1,",1,9,C,"2010-11-18 07:12:44",32,4431012192,129.00,2004-01-08,2004,",active,","New Challenges in Laparoscopic Urologic Surgery","2010-11-18 07:12:44"
",1,",",1,",1,7,C,"2010-11-18 07:12:44",33,0387400966,129.00,2004-01-08,2004,",active,","Electronic Quantum-Transport in Mesoscopic Semiconductor Structures","2010-11-18 07:12:44"
",1,",",1,",1,2,C,"2010-11-18 07:12:44",34,0387205195,129.00,2004-01-08,2004,",active,","Reviews of Environmental Contamination and Toxicology","2010-11-18 07:12:44"
",1,",",1,",1,2,B,"2010-11-18 07:12:44",35,0387005900,139.00,2004-01-08,2004,",active,","Speech Processing in the Auditory System","2010-11-18 07:12:44"
",1,",",1,",1,2,B,"2010-11-18 07:12:44",36,0387983147,139.00,2004-01-08,2004,",active,","The Vestibular System","2010-11-18 07:12:44"
",1,",",1,",1,5,C,"2010-11-18 07:12:45",37,3211004866,149.00,2004-01-08,2004,",active,","European Tort Law 2002","2010-11-18 07:12:45"
",1,",",1,",1,9,A,"2010-11-18 07:12:45",38,0387403264,189.00,2004-01-08,2004,",active,","Pathology of Melanocytic Nevi and Malignant Melanoma","2010-11-18 07:12:45"
",1,",",1,",1,2,C,"2010-11-18 07:12:45",39,1898298769,119.00,2004-01-09,2004,",active,","The Agroecology of Carabid Beetles","2010-11-18 07:12:45"
",1,",",1,",1,9,A,"2010-11-18 07:12:45",40,0387403531,125.00,2004-01-09,2004,",active,","MIS of the Hip and the Knee","2010-11-18 07:12:45"
",1,",",1,",1,4,A,"2010-11-18 07:12:45",41,0387201912,69.95,2004-01-09,2004,",active,","Mathematical Population Genetics","2010-11-18 07:12:45"
",1,",",1,",1,6,B,"2010-11-18 07:12:45",42,1852337354,39.95,2004-01-09,2004,",active,","Expedition Mars","2010-11-18 07:12:45"
",1,",",1,",1,9,A,"2010-11-18 07:12:45",43,0387200355,39.95,2004-01-09,2004,",active,","Pathology and Law","2010-11-18 07:12:45"
",1,",",1,",1,6,A,"2010-11-18 07:12:45",44,1852335580,39.95,2004-01-09,2004,",active,","Observing and Measuring Visual Double Stars","2010-11-18 07:12:45"
",1,",",1,",1,4,A,"2010-11-18 07:12:45",45,0387201580,49.95,2004-01-09,2004,",active,","Fractals and Chaos","2010-11-18 07:12:45"
",1,",",1,",1,9,B,"2010-11-18 07:12:45",46,0387404007,49.95,2004-01-09,2004,",active,","Contact Lenses in Ophthalmic Practice","2010-11-18 07:12:45"
",1,",",1,",1,4,A,"2010-11-18 07:12:45",47,038740399X,59.95,2004-01-09,2004,",active,","Waves and Compressible Flow","2010-11-18 07:12:45"
",1,",",1,",1,4,A,"2010-11-18 07:12:45",48,0387408533,69.95,2004-01-09,2004,",active,","Computational Homology","2010-11-18 07:12:45"
",1,",",1,",1,5,C,"2010-11-18 07:12:45",49,443120315X,79.95,2004-01-09,2004,",active,",,"2010-11-18 07:12:45"
",1,",",1,",1,8,C,"2010-11-18 07:12:45",50,185233763X,84.95,2004-01-09,2004,",active,","Tools for Constructing Chronologies","2010-11-18 07:12:45"
",1,",",1,",1,8,A,"2010-11-18 07:12:45",51,0387408525,84.95,2004-01-09,2004,",active,","Exploring Multivariate Data with the Forward Search","2010-11-18 07:12:45"
",1,",",1,",1,3,B,"2010-11-18 07:12:45",52,1852337583,89.95,2004-01-09,2004,",active,","Corrosion and Prevention","2010-11-18 07:12:45"
",1,",",1,",1,9,A,"2010-11-18 07:12:45",53,0387401466,89.95,2004-01-09,2004,",active,","ACL Made Simple","2010-11-18 07:12:45"
",1,",",1,",1,2,C,"2010-11-18 07:12:45",54,1898298866,92.00,2004-01-09,2004,",active,","Biology of Leaf Beetles","2010-11-18 07:12:45"
",1,",",1,",1,5,C,"2010-11-18 07:12:45",55,4431401261,99.00,2004-01-09,2004,",active,","Co-Design for a New East Asia after Crisis","2010-11-18 07:12:45"
",1,",",1,",1,3,C,"2010-11-18 07:12:46",56,1852337532,99.00,2004-01-09,2004,",active,","Design Representation","2010-11-18 07:12:46"
",1,",",1,",1,1,C,"2010-11-18 07:12:46",57,1852337710,109.00,2004-01-09,2004,",active,","Image Mosaicing and Super-resolution","2010-11-18 07:12:46"
",1,",",1,",1,3,C,"2010-11-18 07:12:46",58,4431200398,109.00,2004-01-09,2004,",active,","Groundwater Hydraulics","2010-11-18 07:12:46"
",1,",",1,",1,3,C,"2010-11-18 07:12:46",59,4431201181,109.00,2004-01-09,2004,",active,","Applied General Systems Research on Organizations","2010-11-18 07:12:46"
",1,",",1,",1,9,C,"2010-11-18 07:12:46",60,4431402802,109.00,2004-01-09,2004,",active,","Therapy for Viral Hepatitis and Prevention of Hepatocellular Carcinoma","2010-11-18 07:12:46"
",1,",",1,",1,5,B,"2010-11-18 07:12:46",61,1852337567,119.00,2004-01-09,2004,",active,","Strategic Decision Making","2010-11-18 07:12:46"
",1,",",1,",1,3,B,"2010-11-18 07:12:46",62,1852337729,119.00,2004-01-09,2004,",active,","Analysis and Decision Making in Uncertain Systems","2010-11-18 07:12:46"
",1,",",1,",1,1,C,"2010-11-18 07:12:46",63,1852336587,119.00,2004-01-09,2004,",active,","Virtual Applications:","2010-11-18 07:12:46"
",1,",",1,",1,7,C,"2010-11-18 07:12:46",64,1852335106,149.00,2004-01-09,2004,",active,","Intelligent Macromolecules for Smart Devices","2010-11-18 07:12:46"
",1,",",1,",1,9,A,"2010-11-18 07:12:46",65,0387004432,149.00,2004-01-09,2004,",active,","Anesthetic and Obstetric Management of High-Risk Pregnancy","2010-11-18 07:12:46"
",1,",",1,",1,7,C,"2010-11-18 07:12:46",66,1898298793,210.00,2004-01-09,2004,",active,","Biotechnology & Genetic Engineering Reviews","2010-11-18 07:12:46"
",1,",",1,",1,7,B,"2010-11-18 07:12:46",67,3540406956,49.95,2004-01-12,2004,",active,","NMR - From Spectra to Structures","2010-11-18 07:12:46"
",1,",",1,",1,9,B,"2010-11-18 07:12:46",68,3540418733,169.00,2004-01-12,2004,",active,","Interventional Radiology in Cancer","2010-11-18 07:12:46"
",1,",",1,",1,9,C,"2010-11-18 07:12:46",69,379851397X,19.95,2004-01-12,2004,",active,","Meeting Madness","2010-11-18 07:12:46"
",1,",",1,",1,9,C,"2010-11-18 07:12:46",70,3798514313,25.00,2004-01-12,2004,",active,",Medicynical,"2010-11-18 07:12:46"
",1,",",1,",1,4,C,"2010-11-18 07:12:46",71,3764321881,34.95,2004-01-12,2004,",active,","A Natural Introduction to Probability Theory","2010-11-18 07:12:46"
",1,",",1,",1,4,C,"2010-11-18 07:12:46",72,3540200991,44.95,2004-01-12,2004,",active,","Multiscale Problems and Methods in Numerical Simulations","2010-11-18 07:12:46"
",1,",",1,",1,4,C,"2010-11-18 07:12:46",73,354020072X,44.95,2004-01-12,2004,",active,","C^\infinity - Differentiable Spaces","2010-11-18 07:12:46"
",1,",",1,",1,1,C,"2010-11-18 07:12:47",74,3540204601,47.00,2004-01-12,2004,",active,","Intelligent Agents and Multi-Agent Systems","2010-11-18 07:12:47"
",1,",",1,",1,1,C,"2010-11-18 07:12:47",75,376432662X,49.95,2004-01-12,2004,",active,","Applications of Software Agent Technology in the Health Care Domain","2010-11-18 07:12:47"
",1,",",1,",1,1,B,"2010-11-18 07:12:47",76,3540407952,49.95,2004-01-12,2004,",active,","Computation in Living Cells","2010-11-18 07:12:47"
",1,",",1,",1,6,A,"2010-11-18 07:12:47",77,3540407618,49.95,2004-01-12,2004,",active,","Mind, Matter and Quantum Mechanics","2010-11-18 07:12:47"
",1,",",1,",1,1,C,"2010-11-18 07:12:47",78,3540205357,54.00,2004-01-12,2004,",active,","Virtual Storytelling; Using Virtual Reality Technologies for Storytelling","2010-11-18 07:12:47"
",1,",",1,",1,1,C,"2010-11-18 07:12:47",79,3540204636,54.00,2004-01-12,2004,",active,","Global Optimization and Constraint Satisfaction","2010-11-18 07:12:47"
",1,",",1,",1,1,B,"2010-11-18 07:12:47",80,3540202595,54.00,2004-01-12,2004,",active,","Utilizing Problem Structure in Planning","2010-11-18 07:12:47"
",1,",",1,",1,4,B,"2010-11-18 07:12:47",81,3764321717,54.95,2004-01-12,2004,",active,","The Symmetry Perspective","2010-11-18 07:12:47"
",1,",",1,",1,1,C,"2010-11-18 07:12:47",82,3540204873,59.00,2004-01-12,2004,",active,","Modelling with Words","2010-11-18 07:12:47"
",1,",",1,",1,6,C,"2010-11-18 07:12:47",83,3540200878,59.95,2004-01-12,2004,",active,","Direct and Inverse Methods in Nonlinear Evolution Equations","2010-11-18 07:12:47"
",1,",",1,",1,1,B,"2010-11-18 07:12:47",84,3540645071,59.95,2004-01-12,2004,",active,","Many-Valued Logics 2","2010-11-18 07:12:47"
",1,",",1,",1,1,C,"2010-11-18 07:12:47",85,3540204520,64.00,2004-01-12,2004,",active,","Graph-Theoretic Concepts in Computer Science","2010-11-18 07:12:47"
",1,",",1,",1,1,B,"2010-11-18 07:12:48",86,3540403779,64.95,2004-01-12,2004,",active,","Evolvable Components","2010-11-18 07:12:48"
",1,",",1,",1,9,C,"2010-11-18 07:12:48",87,3798513996,64.95,2004-01-12,2004,",active,","Beating Heart Bypass Surgery and Minimally Invasive Conduit Harvesting","2010-11-18 07:12:48"
",1,",",1,",1,5,C,"2010-11-18 07:12:48",88,379080083X,64.95,2004-01-12,2004,",active,","E-Life after the Dot Com Bust","2010-11-18 07:12:48"
",1,",",1,",1,6,B,"2010-11-18 07:12:48",89,3540008004,69.95,2004-01-12,2004,",active,","Quantum Mechanics and Gravity","2010-11-18 07:12:48"
",1,",",1,",1,7,B,"2010-11-18 07:12:48",90,354040578X,69.95,2004-01-12,2004,",active,","Quality Assurance in Analytical Chemistry","2010-11-18 07:12:48"
",1,",",1,",1,1,C,"2010-11-18 07:12:48",91,3540205365,71.00,2004-01-12,2004,",active,","Programming Languages and Systems","2010-11-18 07:12:48"
",1,",",1,",1,1,C,"2010-11-18 07:12:48",92,3540205349,71.00,2004-01-12,2004,",active,","Interactive Multimedia on Next Generation Networks","2010-11-18 07:12:48"
",1,",",1,",1,1,C,"2010-11-18 07:12:48",93,3540205454,71.00,2004-01-12,2004,",active,","Computers and Games","2010-11-18 07:12:48"
",1,",",1,",1,5,C,"2010-11-18 07:12:48",94,3540405062,73.00,2004-01-12,2004,",active,","Dynamic Stochastic Optimization","2010-11-18 07:12:48"
",1,",",1,",1,4,C,"2010-11-18 07:12:48",95,3540407863,74.95,2004-01-12,2004,",active,","Dynamical Systems","2010-11-18 07:12:48"
",1,",",1,",1,5,C,"2010-11-18 07:12:48",96,3790801208,74.95,2004-01-12,2004,",active,","The Internationalisation of Young High-Tech Firms","2010-11-18 07:12:48"
",1,",",1,",1,9,C,"2010-11-18 07:12:48",97,3540407529,75.00,2004-01-12,2004,",active,","Advances in Critical Care Testing","2010-11-18 07:12:48"
",1,",",1,",1,1,C,"2010-11-18 07:12:48",98,3540205292,79.00,2004-01-12,2004,",active,","Distributed Applications and Interoperable Systems","2010-11-18 07:12:48"
",1,",",1,",1,10,A,"2010-11-18 07:12:49",99,3540402276,79.95,2004-01-12,2004,",active,","Stable Isotope Geochemistry","2010-11-18 07:12:49"
",1,",",1,",1,2,C,"2010-11-18 07:12:49",100,3540402217,79.95,2004-01-12,2004,",active,","Chemokine Roles in Immunoregulation and Disease","2010-11-18 07:12:49"
",1,",",1,",1,3,C,"2010-11-18 07:12:49",101,354040855X,79.95,2004-01-12,2004,",active,","Information Measures","2010-11-18 07:12:49"
",1,",",1,",1,6,C,"2010-11-18 07:12:49",102,3540202099,79.95,2004-01-12,2004,",active,","Integrated CMOS Circuits for Optical Communications","2010-11-18 07:12:49"
",1,",",1,",1,10,C,"2010-11-18 07:12:49",103,3540407464,79.95,2004-01-12,2004,",active,","Lattice Boltzmann Methods for Shallow Water Flows","2010-11-18 07:12:49"
",1,",",1,",1,11,B,"2010-11-18 07:12:49",104,3790800929,79.95,2004-01-12,2004,",active,","The Impact of Asian Powers on Global Developments","2010-11-18 07:12:49"
",1,",",1,",1,1,C,"2010-11-18 07:12:49",105,3540204997,87.00,2004-01-12,2004,",active,","Discrete Geometry for Computer Imagery","2010-11-18 07:12:49"
",1,",",1,",1,4,C,"2010-11-18 07:12:49",106,3764369302,89.95,2004-01-12,2004,",active,","Basic Classes of Linear Operators","2010-11-18 07:12:49"
",1,",",1,",1,8,B,"2010-11-18 07:12:49",107,3540406522,89.95,2004-01-12,2004,",active,","Automatic Nonuniform Random Variate Generation","2010-11-18 07:12:49"
",1,",",1,",1,5,B,"2010-11-18 07:12:49",108,3540405518,89.95,2004-01-12,2004,",active,","Competition Policy in Europe","2010-11-18 07:12:49"
",1,",",1,",1,1,C,"2010-11-18 07:12:49",109,354020461X,98.00,2004-01-12,2004,",active,","Formal Methods and Software Engineering","2010-11-18 07:12:49"
",1,",",1,",1,10,B,"2010-11-18 07:12:49",110,3540003282,99.00,2004-01-12,2004,",active,","Weather Radar","2010-11-18 07:12:49"
",1,",",1,",1,1,C,"2010-11-18 07:12:49",111,3540204911,99.00,2004-01-12,2004,",active,","Formal Methods for Open Pbject-Based Distributed Systems","2010-11-18 07:12:49"
",1,",",1,",1,5,B,"2010-11-18 07:12:49",112,3540405410,99.00,2004-01-12,2004,",active,","The Economic and Financial Market Consequences of Global Ageing","2010-11-18 07:12:49"
",1,",",1,",1,4,C,"2010-11-18 07:12:50",113,3540014381,99.00,2004-01-12,2004,",active,","Advanced Topics in Computational Partial Differential Equations","2010-11-18 07:12:50"
",1,",",1,",1,4,C,"2010-11-18 07:12:50",114,3540406824,99.00,2004-01-12,2004,",active,","New Analytic and Geometric Methods in Inverse Problems","2010-11-18 07:12:50"
",1,",",1,",1,10,C,"2010-11-18 07:12:50",115,3540404473,99.00,2004-01-12,2004,",active,","Nuclear Waste","2010-11-18 07:12:50"
",1,",",1,",1,9,B,"2010-11-18 07:12:50",116,3540641688,99.00,2004-01-12,2004,",active,","Duplex and Color Doppler Imaging of the Venous System","2010-11-18 07:12:50"
",1,",",1,",1,6,C,"2010-11-18 07:12:50",117,3540201289,99.95,2004-01-12,2004,",active,","Stellar Candles for the Extragalactic Distance Scale","2010-11-18 07:12:50"
",1,",",1,",1,1,C,"2010-11-18 07:12:50",118,3540204628,109.00,2004-01-12,2004,",active,","Medical Image Computing and Computer-Assisted Intervention - MICCAI 2003","2010-11-18 07:12:50"
",1,",",1,",1,1,C,"2010-11-18 07:12:50",119,3540404651,109.00,2004-01-12,2004,",active,","Digital Rights Management","2010-11-18 07:12:50"
",1,",",1,",1,10,C,"2010-11-18 07:12:50",120,3540401431,109.00,2004-01-12,2004,",active,","Soil Pollution","2010-11-18 07:12:50"
",1,",",1,",1,5,C,"2010-11-18 07:12:50",121,3540403388,119.00,2004-01-12,2004,",active,","Decision Analysis, Location Models, and Scheduling Problems","2010-11-18 07:12:50"
",1,",",1,",1,6,C,"2010-11-18 07:12:50",122,3540403337,119.00,2004-01-12,2004,",active,","Uncovering CP Violation","2010-11-18 07:12:50"
",1,",",1,",1,1,C,"2010-11-18 07:12:50",123,3540204644,119.00,2004-01-12,2004,",active,","Medical Image Computing and Computer-Assisted Intervention - MICCAI 2003","2010-11-18 07:12:50"
",1,",",1,",1,9,C,"2010-11-18 07:12:50",124,3540009027,119.00,2004-01-12,2004,",active,","33rd Hemophilia Symposium Hamburg 2002","2010-11-18 07:12:50"
",1,",",1,",1,4,C,"2010-11-18 07:12:50",125,3764321695,119.00,2004-01-12,2004,",active,","From Classical to Modern Probability","2010-11-18 07:12:50"
",1,",",1,",1,9,B,"2010-11-18 07:12:50",126,3540034390,119.00,2004-01-12,2004,",active,","Diffusion-Weighted MR Imaging of the Brain","2010-11-18 07:12:50"
",1,",",1,",1,10,C,"2010-11-18 07:12:50",127,3540006036,119.00,2004-01-12,2004,",active,","Land Use, Nature Conservation and the Stability of Rainforest Margins in Southeast Asia","2010-11-18 07:12:50"
",1,",",1,",1,2,C,"2010-11-18 07:12:51",128,3540405739,129.00,2004-01-12,2004,",active,","Endocrine Aspects of Successful Aging: Genes, Hormones and Lifestyles","2010-11-18 07:12:51"
",1,",",1,",1,1,C,"2010-11-18 07:12:51",129,3540204946,129.00,2004-01-12,2004,",active,","On the Move to Meaningful Internet Systems 2003: OTM 2003 Workshops","2010-11-18 07:12:51"
",1,",",1,",1,4,C,"2010-11-18 07:12:51",130,3764321954,129.00,2004-01-12,2004,",active,","Modern Developments in Multivariate Approximation","2010-11-18 07:12:51"
",1,",",1,",1,7,C,"2010-11-18 07:12:51",131,3540405186,129.00,2004-01-12,2004,",active,","Silicon Optoelectronic Integrated Circuits","2010-11-18 07:12:51"
",1,",",1,",1,6,C,"2010-11-18 07:12:51",132,3540405178,129.00,2004-01-12,2004,",active,","Nondestructive Materials Characterization","2010-11-18 07:12:51"
",1,",",1,",1,4,B,"2010-11-18 07:12:51",133,3540008322,129.00,2004-01-12,2004,",active,","Compact Complex Surfaces","2010-11-18 07:12:51"
",1,",",1,",1,12,C,"2010-11-18 07:12:51",134,3540201300,129.00,2004-01-12,2004,",active,","ISO Standards for Geographic Information","2010-11-18 07:12:51"
",1,",",1,",1,7,C,"2010-11-18 07:12:51",135,3540140182,129.00,2004-01-12,2004,",active,","Thermodynamic Data, Models and Phase Diagrams in Multicomponent Oxide Systems","2010-11-18 07:12:51"
",1,",",1,",1,7,C,"2010-11-18 07:12:51",136,354040886X,139.00,2004-01-12,2004,",active,","Optical Sensors","2010-11-18 07:12:51"
",1,",",1,",1,4,C,"2010-11-18 07:12:51",137,376432189X,139.00,2004-01-12,2004,",active,","Topology of Singular Spaces and Constructible Sheaves","2010-11-18 07:12:51"
",1,",",1,",1,3,C,"2010-11-18 07:12:51",138,3540012494,139.00,2004-01-12,2004,",active,","Multimedia Communication Technology","2010-11-18 07:12:51"
",1,",",1,",1,9,A,"2010-11-18 07:12:51",139,354043125X,139.00,2004-01-12,2004,",active,","PET and PET-CT in Oncology","2010-11-18 07:12:51"
",1,",",1,",1,7,C,"2010-11-18 07:12:52",140,3540439455,139.00,2004-01-12,2004,",active,","Thin-Film Solar Cells","2010-11-18 07:12:52"
",1,",",1,",1,4,C,"2010-11-18 07:12:52",141,3764365366,139.00,2004-01-12,2004,",active,","Gnomes in the Fog","2010-11-18 07:12:52"
",1,",",1,",1,9,C,"2010-11-18 07:12:52",142,3540204210,149.00,2004-01-12,2004,",active,","Aberration-Free Refractive Surgery","2010-11-18 07:12:52"
",1,",",1,",1,4,C,"2010-11-18 07:12:52",143,376432192X,149.00,2004-01-12,2004,",active,","Modeling, Simulation and Optimization of Integrated Circuits","2010-11-18 07:12:52"
",1,",",1,",1,1,C,"2010-11-18 07:12:52",144,3540204989,159.00,2004-01-12,2004,",active,","On The Move to Meaningful Internet Systems 2003: CoopIS, DOA, and ODBASE","2010-11-18 07:12:52"
",1,",",1,",1,2,C,"2010-11-18 07:12:52",145,3764369183,159.00,2004-01-12,2004,",active,","Mind over Matter: Regulation of Peripheral Inflammation by the CNS","2010-11-18 07:12:52"
",1,",",1,",1,9,C,"2010-11-18 07:12:52",146,354043268X,159.00,2004-01-12,2004,",active,","Functional Imaging of the Chest","2010-11-18 07:12:52"
",1,",",1,",1,9,B,"2010-11-18 07:12:52",147,3540415092,169.00,2004-01-12,2004,",active,","Radiology of the Pharynx and the Esophagus","2010-11-18 07:12:52"
",1,",",1,",1,2,C,"2010-11-18 07:12:52",148,3764369329,169.00,2004-01-12,2004,",active,","Heat Shock Proteins and Inflammation","2010-11-18 07:12:52"
",1,",",1,",1,4,C,"2010-11-18 07:12:52",149,3764321687,169.00,2004-01-12,2004,",active,","Nonlinear Hyperbolic Equations, Spectral Theory, and Wavelet Transformations","2010-11-18 07:12:52"
",1,",",1,",1,7,C,"2010-11-18 07:12:52",150,3540401911,189.00,2004-01-12,2004,",active,","Elemental Sulfur and Sulfur-Rich Compounds I","2010-11-18 07:12:52"
",1,",",1,",1,3,C,"2010-11-18 07:12:52",151,3540408762,197.00,2004-01-12,2004,",active,","Asymptotical Mechanics of Thin-Walled Structures","2010-11-18 07:12:52"
",1,",",1,",1,4,C,"2010-11-18 07:12:52",152,3764321970,199.00,2004-01-12,2004,",active,","Stochastic Inequalities and Applications","2010-11-18 07:12:52"
",1,",",1,",1,7,C,"2010-11-18 07:12:52",153,3540005307,199.00,2004-01-12,2004,",active,","Filler-Reinforced Elastomers Scanning Force Microscopy","2010-11-18 07:12:52"
",1,",",1,",1,7,C,"2010-11-18 07:12:53",154,3540402330,199.00,2004-01-12,2004,",active,","Light Emitting Silicon for Microphotonics","2010-11-18 07:12:53"
",1,",",1,",1,2,C,"2010-11-18 07:12:53",155,3540404570,229.00,2004-01-12,2004,",active,","Polarized Light in Animal Vision","2010-11-18 07:12:53"
",1,",",1,",1,7,C,"2010-11-18 07:12:53",156,354040631X,259.00,2004-01-12,2004,",active,","High Temperature Superconductivity 1","2010-11-18 07:12:53"
",1,",",1,",1,7,C,"2010-11-18 07:12:53",157,3540406395,259.00,2004-01-12,2004,",active,","High Temperature Superconductivity 2","2010-11-18 07:12:53"
",1,",",1,",1,9,C,"2010-11-18 07:12:53",158,3540652124,289.00,2004-01-12,2004,",active,","Imaging and Intervention in Abdominal Trauma","2010-11-18 07:12:53"
",1,",",1,",1,9,B,"2010-11-18 07:12:53",159,3540439994,320.00,2004-01-12,2004,",active,","Radiological Imaging in Hematological Malignancies","2010-11-18 07:12:53"
",1,",",1,",1,1,A,"2010-11-18 07:12:53",160,1590593030,29.99,2004-01-14,2004,",active,","Foundation Macromedia Flash MX 2004 (2nd printing)","2010-11-18 07:12:53"
",1,",",1,",1,1,A,"2010-11-18 07:12:53",161,1590592646,39.99,2004-01-14,2004,",active,","Office 2003 XML for Power Users","2010-11-18 07:12:53"
",1,",",1,",1,1,A,"2010-11-18 07:12:53",162,1852337680,49.95,2004-01-14,2004,",active,","Dictionary of XML Technologies and the Semantic Web","2010-11-18 07:12:53"
",1,",",1,",1,1,A,"2010-11-18 07:12:53",163,1590591097,49.99,2004-01-14,2004,",active,","The Definitive Guide to GCC","2010-11-18 07:12:53"
",1,",",1,",1,1,A,"2010-11-18 07:12:53",164,1852337478,59.95,2004-01-14,2004,",active,","PHP and MySQL Manual","2010-11-18 07:12:53"
",1,",",1,",1,4,C,"2010-11-18 07:12:53",165,185233777X,99.00,2004-01-14,2004,",active,","Limit Theorems for Randomly Stopped Stochastic Processes","2010-11-18 07:12:53"
",1,",",1,",1,7,C,"2010-11-18 07:12:53",166,0854049673,298.00,2004-01-14,2004,",active,","Faraday Discussions Vol. 124","2010-11-18 07:12:53"
",1,",",1,",1,7,C,"2010-11-18 07:12:53",167,0854049967,298.00,2004-01-14,2004,",active,","Faraday Discussions Vol. 122","2010-11-18 07:12:53"
",1,",",1,",1,7,C,"2010-11-18 07:12:53",168,0854049622,298.00,2004-01-14,2004,",active,","Faraday Discussions Vol. 123","2010-11-18 07:12:53"
",1,",",1,",1,1,A,"2010-11-18 07:12:53",169,1590591429,39.99,2004-01-22,2004,",active,","Oracle JDeveloper 10g: Empowering J2EE Development","2010-11-18 07:12:53"
",1,",",1,",1,1,A,"2010-11-18 07:12:53",170,1590591372,59.99,2004-01-22,2004,",active,","Code Generation in Microsoft .NET (2nd printing)","2010-11-18 07:12:53"
",1,",",1,",1,1,A,"2010-11-18 07:12:53",171,3540200207,69.95,2004-01-22,2004,",active,","Alan Turing: Life and Legacy of a Great Thinker","2010-11-18 07:12:53"
",1,",",1,",1,3,B,"2010-11-18 07:12:53",172,3540404430,54.95,2004-01-22,2004,",active,","Nanoelectronics and Nanosystems","2010-11-18 07:12:53"
",1,",",1,",1,4,C,"2010-11-18 07:12:53",173,3540003738,39.95,2004-01-22,2004,",active,","Theory of Stein Spaces","2010-11-18 07:12:53"
",1,",",1,",1,4,C,"2010-11-18 07:12:53",174,3540203397,44.95,2004-01-22,2004,",active,","Gröbner Bases and the Computation of Group Cohomology","2010-11-18 07:12:53"
",1,",",1,",1,1,C,"2010-11-18 07:12:53",175,3540205829,47.00,2004-01-22,2004,",active,","Principles and Practice of Semantic Web Reasoning","2010-11-18 07:12:53"
",1,",",1,",1,1,C,"2010-11-18 07:12:54",176,3540205446,47.00,2004-01-22,2004,",active,","Learning Classifier Systems","2010-11-18 07:12:54"
",1,",",1,",1,1,C,"2010-11-18 07:12:54",177,3540206078,47.00,2004-01-22,2004,",active,","The Logic System of Concept Graphs with Negation","2010-11-18 07:12:54"
",1,",",1,",1,4,A,"2010-11-18 07:12:54",178,3540404481,49.95,2004-01-22,2004,",active,","Lectures on Partial Differential Equations","2010-11-18 07:12:54"
",1,",",1,",1,9,A,"2010-11-18 07:12:54",179,3540441492,49.95,2004-01-22,2004,",active,","Surviving Intensive Care","2010-11-18 07:12:54"
",1,",",1,",1,1,A,"2010-11-18 07:12:54",180,1590593022,49.99,2004-01-22,2004,",active,","Pro SQL Server 2000 Database Design: Building Quality OLTP Databases","2010-11-18 07:12:54"
",1,",",1,",1,1,A,"2010-11-18 07:12:54",181,1590593006,49.99,2004-01-22,2004,",active,","Pro Apache, Third Edition","2010-11-18 07:12:54"
",1,",",1,",1,1,C,"2010-11-18 07:12:54",182,3540205837,54.00,2004-01-22,2004,",active,","Global Computing. Programming Environments, Languages, Security, and Analysis of Systems","2010-11-18 07:12:54"
",1,",",1,",1,7,A,"2010-11-18 07:12:54",183,3540003525,54.95,2004-01-22,2004,",active,","Organic Reaction Mechanisms","2010-11-18 07:12:54"
",1,",",1,",1,1,C,"2010-11-18 07:12:54",184,3540206329,58.00,2004-01-22,2004,",active,","Advances in Computing Science - ASIAN 2003
Programming Languages and Distributed Computation","2010-11-18 07:12:54"
",1,",",1,",1,4,B,"2010-11-18 07:12:54",185,3540059237,59.95,2004-01-22,2004,",active,","Analysis I","2010-11-18 07:12:54"
",1,",",1,",1,4,C,"2010-11-18 07:12:54",186,3540202463,59.95,2004-01-22,2004,",active,","Operator Functions and Localization of Spectra","2010-11-18 07:12:54"
",1,",",1,",1,4,B,"2010-11-18 07:12:54",187,3540406506,64.95,2004-01-22,2004,",active,","Non-Life Insurance Mathematics","2010-11-18 07:12:54"
",1,",",1,",1,4,C,"2010-11-18 07:12:54",188,3540203060,64.95,2004-01-22,2004,",active,","Optimal Syntheses for Control Systems on 2-D Manifolds","2010-11-18 07:12:54"
",1,",",1,",1,4,B,"2010-11-18 07:12:54",189,3540406336,69.95,2004-01-22,2004,",active,","Mathematical Analysis II","2010-11-18 07:12:54"
",1,",",1,",1,1,B,"2010-11-18 07:12:54",190,3540008675,69.95,2004-01-22,2004,",active,","Life-like Characters","2010-11-18 07:12:54"
",1,",",1,",1,4,B,"2010-11-18 07:12:54",191,3540403868,69.95,2004-01-22,2004,",active,","Mathematical Analysis I","2010-11-18 07:12:54"
",1,",",1,",1,5,C,"2010-11-18 07:12:54",192,3540002650,69.95,2004-01-22,2004,",active,","Economic Dynamics and General Equilibrium","2010-11-18 07:12:54"
",1,",",1,",1,4,C,"2010-11-18 07:12:54",193,376436940X,69.95,2004-01-22,2004,",active,","Technological Concepts and Mathematical Models in the Evolution of Modern Engineering Systems","2010-11-18 07:12:54"
",1,",",1,",1,1,C,"2010-11-18 07:12:54",194,3540206094,71.00,2004-01-22,2004,",active,","Progress in Cryptology -- INDOCRYPT 2003","2010-11-18 07:12:54"
",1,",",1,",1,1,C,"2010-11-18 07:12:55",195,3540205276,74.00,2004-01-22,2004,",active,","Formal Methods at the Crossroads. From Panacea to Foundational Support","2010-11-18 07:12:55"
",1,",",1,",1,5,C,"2010-11-18 07:12:55",196,3790801046,74.00,2004-01-22,2004,",active,","Essays on Microeconomics and Industrial Organisation","2010-11-18 07:12:55"
",1,",",1,",1,4,C,"2010-11-18 07:12:55",197,3540203583,74.95,2004-01-22,2004,",active,","Discrete-Event Control of Stochastic Networks: Multimodularity and Regularity","2010-11-18 07:12:55"
",1,",",1,",1,1,C,"2010-11-18 07:12:55",198,3540205373,75.00,2004-01-22,2004,",active,","Recent Trends in Algebraic Development Techniques","2010-11-18 07:12:55"
",1,",",1,",1,1,C,"2010-11-18 07:12:55",199,3540205381,79.00,2004-01-22,2004,",active,","Petri Net Technology for Communication-Based Systems","2010-11-18 07:12:55"
",1,",",1,",1,9,B,"2010-11-18 07:12:55",200,3540443487,79.95,2004-01-22,2004,",active,","Condensed Handbook of Occupational Dermatology","2010-11-18 07:12:55"
",1,",",1,",1,6,C,"2010-11-18 07:12:55",201,3540405836,79.95,2004-01-22,2004,",active,","Interfacial Fluid Dynamics and Transport Processes","2010-11-18 07:12:55"
",1,",",1,",1,1,C,"2010-11-18 07:12:55",202,3540206426,81.00,2004-01-22,2004,",active,","Logic Programming","2010-11-18 07:12:55"
",1,",",1,",1,1,C,"2010-11-18 07:12:55",203,3540205896,81.00,2004-01-22,2004,",active,","Progress in Artificial Intelligence","2010-11-18 07:12:55"
",1,",",1,",1,4,C,"2010-11-18 07:12:55",204,3764370025,84.95,2004-01-22,2004,",active,","Modern Algebra and the Rise of Mathematical Structures","2010-11-18 07:12:55"
",1,",",1,",1,5,C,"2010-11-18 07:12:55",205,354040497X,85.00,2004-01-22,2004,",active,","The Complex Dynamics of Economic Interaction","2010-11-18 07:12:55"
",1,",",1,",1,6,B,"2010-11-18 07:12:55",206,354040483X,89.95,2004-01-22,2004,",active,","Optical Near Fields","2010-11-18 07:12:55"
",1,",",1,",1,3,C,"2010-11-18 07:12:55",207,3540402004,89.95,2004-01-22,2004,",active,",Gyrotrons,"2010-11-18 07:12:55"
",1,",",1,",1,4,C,"2010-11-18 07:12:56",208,3540205209,89.95,2004-01-22,2004,",active,","Séminaire de Probabilités XXXVII","2010-11-18 07:12:56"
",1,",",1,",1,3,C,"2010-11-18 07:12:56",209,3540416382,89.95,2004-01-22,2004,",active,","The Wave Finite Element Method","2010-11-18 07:12:56"
",1,",",1,",1,4,C,"2010-11-18 07:12:56",210,3764369078,89.95,2004-01-22,2004,",active,",Tubes,"2010-11-18 07:12:56"
",1,",",1,",1,6,C,"2010-11-18 07:12:56",211,3540659897,89.95,2004-01-22,2004,",active,","Quantum Squeezing","2010-11-18 07:12:56"
",1,",",1,",1,1,C,"2010-11-18 07:12:56",212,3540205926,95.00,2004-01-22,2004,",active,","Advances in Cryptology - ASIACRYPT 2003","2010-11-18 07:12:56"
",1,",",1,",1,13,A,"2010-11-18 07:12:56",213,3540200681,99.00,2004-01-22,2004,",active,","The Forgotten Revolution","2010-11-18 07:12:56"
",1,",",1,",1,4,B,"2010-11-18 07:12:56",214,3540404694,99.00,2004-01-22,2004,",active,","Cyclic Homology in Non-Commutative Geometry","2010-11-18 07:12:56"
",1,",",1,",1,3,C,"2010-11-18 07:12:56",215,3540401814,99.00,2004-01-22,2004,",active,","Silicon Microchannel Heat Sinks","2010-11-18 07:12:56"
",1,",",1,",1,6,C,"2010-11-18 07:12:56",216,3540436944,99.00,2004-01-22,2004,",active,","Electrodynamics of Magnetoactive Media","2010-11-18 07:12:56"
",1,",",1,",1,3,C,"2010-11-18 07:12:56",217,3540202528,99.00,2004-01-22,2004,",active,","MicroNano Integration","2010-11-18 07:12:56"
",1,",",1,",1,9,C,"2010-11-18 07:12:56",218,8847002338,99.00,2004-01-22,2004,",active,","Avascular Necrosis of the Femoral Head","2010-11-18 07:12:56"
",1,",",1,",1,9,A,"2010-11-18 07:12:56",219,354000811X,99.95,2004-01-22,2004,",active,","Multiple Myeloma and Related Plasma Cell Disorders","2010-11-18 07:12:56"
",1,",",1,",1,1,C,"2010-11-18 07:12:57",220,3540206086,103.00,2004-01-22,2004,",active,","Digital Libraries: Technology and Management of Indigenous Knowledge for Global Access","2010-11-18 07:12:57"
",1,",",1,",1,1,C,"2010-11-18 07:12:57",221,354020590X,103.00,2004-01-22,2004,",active,","Progress in Pattern Recognition, Speech and Image Analysis","2010-11-18 07:12:57"
",1,",",1,",1,5,B,"2010-11-18 07:12:57",222,3540406964,109.00,2004-01-22,2004,",active,","Reverse Logistics","2010-11-18 07:12:57"
",1,",",1,",1,10,C,"2010-11-18 07:12:57",223,3540406689,109.00,2004-01-22,2004,",active,","Cratering in Marine Environments and on Ice","2010-11-18 07:12:57"
",1,",",1,",1,10,C,"2010-11-18 07:12:57",224,3540203389,109.00,2004-01-22,2004,",active,","Reactive Flow Modeling in Hydrothermal Systems","2010-11-18 07:12:57"
",1,",",1,",1,4,C,"2010-11-18 07:12:57",225,354040113X,109.00,2004-01-22,2004,",active,","Progress in Industrial Mathematics at ECMI 2002","2010-11-18 07:12:57"
",1,",",1,",1,4,C,"2010-11-18 07:12:57",226,3540401164,109.00,2004-01-22,2004,",active,","Geometric Modeling for Scientific Visualization","2010-11-18 07:12:57"
",1,",",1,",1,4,C,"2010-11-18 07:12:57",227,3764304006,119.00,2004-01-22,2004,",active,","Categorical Decomposition Techniques in Algebraic Topology","2010-11-18 07:12:57"
",1,",",1,",1,6,C,"2010-11-18 07:12:57",228,3540407448,119.00,2004-01-22,2004,",active,","Alternative Logics:Do Sciences Need Them?","2010-11-18 07:12:57"
",1,",",1,",1,3,C,"2010-11-18 07:12:57",229,3540438068,119.00,2004-01-22,2004,",active,","Third Generation Communication Systems","2010-11-18 07:12:57"
",1,",",1,",1,4,C,"2010-11-18 07:12:57",230,3764321938,129.00,2004-01-22,2004,",active,","Free Boundary Problems","2010-11-18 07:12:57"
",1,",",1,",1,11,C,"2010-11-18 07:12:58",231,3540203796,129.00,2004-01-22,2004,",active,","Embryo Research in Pluralistic Europe","2010-11-18 07:12:58"
",1,",",1,",1,2,C,"2010-11-18 07:12:58",232,3764369108,129.00,2004-01-22,2004,",active,","Pharmacotherapy of Gastrointestinal Inflammation","2010-11-18 07:12:58"
",1,",",1,",1,1,C,"2010-11-18 07:12:58",233,3540206469,129.00,2004-01-22,2004,",active,","AI 2003: Advances in Artificial Intelligence","2010-11-18 07:12:58"
",1,",",1,",1,4,C,"2010-11-18 07:12:58",234,3540408509,129.00,2004-01-22,2004,",active,","High Performance Computing in Science and Engineering ' 03","2010-11-18 07:12:58"
",1,",",1,",1,10,C,"2010-11-18 07:12:58",235,354040421X,149.00,2004-01-22,2004,",active,","Haloforms and Related Compounds in Drinking Water","2010-11-18 07:12:58"
",1,",",1,",1,9,A,"2010-11-18 07:12:58",236,3540010262,149.00,2004-01-22,2004,",active,","Indian Herbal Remedies","2010-11-18 07:12:58"
",1,",",1,",1,5,A,"2010-11-18 07:12:58",237,3540408347,149.00,2004-01-22,2004,",active,","Handbook on Ontologies","2010-11-18 07:12:58"
",1,",",1,",1,4,C,"2010-11-18 07:12:58",238,3764321873,149.00,2004-01-22,2004,",active,","High Dimensional Probability III","2010-11-18 07:12:58"
",1,",",1,",1,2,C,"2010-11-18 07:12:58",239,3764369485,159.00,2004-01-22,2004,",active,","Arachidonate Remodeling and Inflammation","2010-11-18 07:12:58"
",1,",",1,",1,6,C,"2010-11-18 07:12:58",240,3540405194,169.00,2004-01-22,2004,",active,","Diffraction Analysis of the Microstructure of Materials","2010-11-18 07:12:58"
",1,",",1,",1,3,C,"2010-11-18 07:12:58",241,3540408568,169.00,2004-01-22,2004,",active,","Applications and Science in Soft Computing","2010-11-18 07:12:58"
",1,",",1,",1,7,B,"2010-11-18 07:12:58",242,3540404880,169.95,2004-01-22,2004,",active,","Semiconductors: Data Handbook","2010-11-18 07:12:58"
",1,",",1,",1,3,C,"2010-11-18 07:12:58",243,3540418369,179.00,2004-01-22,2004,",active,","Novel Approaches in Civil Engineering","2010-11-18 07:12:58"
",1,",",1,",1,7,C,"2010-11-18 07:12:58",244,3540402616,189.00,2004-01-22,2004,",active,","Basic Principles in Applied Catalysis","2010-11-18 07:12:58"
",1,",",1,",1,3,C,"2010-11-18 07:12:59",245,3540202358,198.00,2004-01-22,2004,",active,","Electromagnetics in a Complex World","2010-11-18 07:12:59"
",1,",",1,",1,9,B,"2010-11-18 07:12:59",246,3540402845,199.00,2004-01-22,2004,",active,","Clinical Radiotherapy Physics","2010-11-18 07:12:59"
",1,",",1,",1,9,C,"2010-11-18 07:12:59",247,3540002014,225.00,2004-01-22,2004,",active,","Free Radicals and Inhalation Pathology","2010-11-18 07:12:59"
",1,",",1,",1,7,C,"2010-11-18 07:12:59",248,3540403787,229.00,2004-01-22,2004,",active,","Elemental Sulfur and Sulfur-Rich Compounds II","2010-11-18 07:12:59"
",1,",",1,",1,2,B,"2010-11-18 07:12:59",249,3540427708,259.00,2004-01-22,2004,",active,","Genetics and Biotechnology","2010-11-18 07:12:59"
",1,",",1,",1,9,C,"2010-11-18 07:12:59",250,3540437746,299.00,2004-01-22,2004,",active,","Multidetector-Row CT of the Thorax","2010-11-18 07:12:59"
",1,",",1,",1,9,A,"2010-11-18 07:12:59",251,3540014411,349.00,2004-01-22,2004,",active,",Tuberculosis,"2010-11-18 07:12:59"
",1,",",1,",1,6,A,"2010-11-18 07:12:59",252,1852337141,29.95,2004-01-23,2004,",active,","The NexStar User Guide","2010-11-18 07:12:59"
",1,",",1,",1,6,A,"2010-11-18 07:12:59",253,1852337095,34.95,2004-01-23,2004,",active,","Astronomy of the Milky Way","2010-11-18 07:12:59"
",1,",",1,",1,6,A,"2010-11-18 07:12:59",254,1852337427,34.95,2004-01-23,2004,",active,","Astronomy of the Milky Way","2010-11-18 07:12:59"
",1,",",1,",1,7,B,"2010-11-18 07:12:59",255,085404521X,249.00,2004-01-23,2004,",active,","Glow Discharge Optical Emission Spectroscopy","2010-11-18 07:12:59"
",1,",",1,",1,6,B,"2010-11-18 07:12:59",256,3211008519,69.95,2004-01-27,2004,",active,","Sky Vistas","2010-11-18 07:12:59"
",1,",",1,",1,3,C,"2010-11-18 07:12:59",257,321120492X,89.95,2004-01-27,2004,",active,","Problems in Structural Identification and Diagnostics: General Aspects and Applications","2010-11-18 07:12:59"
",1,",",1,",1,7,B,"2010-11-18 07:12:59",258,0854045457,219.00,2004-01-27,2004,",active,","Hyphenated Techniques in Speciation Analysis","2010-11-18 07:12:59"
",1,",",1,",1,9,C,"2010-11-18 07:12:59",259,3211009191,259.00,2004-01-27,2004,",active,","Brain Edema XII","2010-11-18 07:12:59"
",1,",",1,",1,1,A,"2010-11-18 07:12:59",260,1590592786,49.99,2004-01-28,2004,",active,","Beginning ASP.NET: From Novice to Professional","2010-11-18 07:12:59"
",1,",",1,",1,1,A,"2010-11-18 07:12:59",261,1590593049,49.99,2004-01-28,2004,",active,","Extending Macromedia Flash MX 2004: Complete Guide and Reference","2010-11-18 07:12:59"
",1,",",1,",1,2,C,"2010-11-18 07:12:59",262,140201693X,154.00,2004-01-31,2004,",active,","Evolutionary Theory and Processes: Modern Horizons","2010-11-18 07:12:59"
",1,",",1,",1,3,B,"2010-11-18 07:13:00",263,1402077076,185.00,2004-01-31,2004,",active,","Printed Organic and Molecular Electronics","2010-11-18 07:13:00"
",1,",",1,",1,4,A,"2010-11-18 07:13:00",264,140201824X,132.00,2004-01-31,2004,",active,","The Linear Algebra a Beginning Graduate Student Ought to Know","2010-11-18 07:13:00"
",1,",",1,",1,2,C,"2010-11-18 07:13:00",265,1402017367,99.00,2004-01-31,2004,",active,","Migrations and Dispersal of Marine Organisms","2010-11-18 07:13:00"
",1,",",1,",1,3,B,"2010-11-18 07:13:00",266,1402076401,115.00,2004-01-31,2004,",active,","UMTS Radio Network Planning, Optimization and QOS Management","2010-11-18 07:13:00"
",1,",",1,",1,7,C,"2010-11-18 07:13:00",267,1402014791,95.00,2004-01-31,2003,",active,","Role of Interfaces in Environmental Protection","2010-11-18 07:13:00"
",1,",",1,",1,2,B,"2010-11-18 07:13:00",268,1402012020,115.00,2004-01-31,2003,",active,","Cash Crop Halophytes Recent Studies","2010-11-18 07:13:00"
",1,",",1,",1,3,B,"2010-11-18 07:13:00",269,1402075464,125.00,2004-01-31,2003,",active,","CMOS Telecom Data Converters","2010-11-18 07:13:00"
",1,",",1,",1,2,C,"2010-11-18 07:13:00",270,0306478331,155.00,2004-01-31,2003,",active,","Intracellular Pathogens in Membrane Interactions and Vacuole Biogenesis","2010-11-18 07:13:00"
",1,",",1,",1,7,C,"2010-11-18 07:13:00",271,1402014783,229.00,2004-01-31,2003,",active,","Role of Interfaces in Environmental Protection","2010-11-18 07:13:00"
",1,",",1,",1,5,B,"2010-11-18 07:13:00",272,1402018649,22.00,2004-01-31,2004,",active,","The Economics of Non-Convex Ecosystems","2010-11-18 07:13:00"
",1,",",1,",1,5,B,"2010-11-18 07:13:00",273,1402019459,43.00,2004-01-31,2004,",active,","The Economics of Non-Convex Ecosystems","2010-11-18 07:13:00"
",1,",",1,",1,5,B,"2010-11-18 07:13:00",274,140207784X,50.00,2004-01-31,2004,",active,","Introduction to the Theory of Cooperative Games","2010-11-18 07:13:00"
",1,",",1,",1,14,C,"2010-11-18 07:13:00",275,1402017510,54.00,2004-01-31,2004,",active,","Process Theories","2010-11-18 07:13:00"
",1,",",1,",1,6,C,"2010-11-18 07:13:00",276,1402018363,62.00,2004-01-31,2004,",active,","New Trends in Integrability and Partial Solvability","2010-11-18 07:13:00"
",1,",",1,",1,4,C,"2010-11-18 07:13:01",277,1402018347,72.00,2004-01-31,2004,",active,","Axiomatic, Enriched and Motivic Homotopy Theory","2010-11-18 07:13:01"
",1,",",1,",1,10,C,"2010-11-18 07:13:01",278,1402018193,76.00,2004-01-31,2004,",active,","Scattered and Filtered Solar UV Measurements","2010-11-18 07:13:01"
",1,",",1,",1,5,C,"2010-11-18 07:13:01",279,1402017251,80.00,2004-01-31,2004,",active,","Six Lives in Jerusalem","2010-11-18 07:13:01"
",1,",",1,",1,6,C,"2010-11-18 07:13:01",280,1402016557,85.00,2004-01-31,2004,",active,","Circular Polarisation from Relativistic Jet Sources","2010-11-18 07:13:01"
",1,",",1,",1,2,A,"2010-11-18 07:13:01",281,0306478145,89.00,2004-01-31,2004,",active,","Neurobehavioral Disorders of Childhood","2010-11-18 07:13:01"
",1,",",1,",1,5,B,"2010-11-18 07:13:01",282,1402077033,98.00,2004-01-31,2004,",active,","Project Selection Under Uncertainty","2010-11-18 07:13:01"
",1,",",1,",1,14,C,"2010-11-18 07:13:01",283,1402018320,99.00,2004-01-31,2004,",active,","Domain Theory, Logic and Computation","2010-11-18 07:13:01"
",1,",",1,",1,6,C,"2010-11-18 07:13:01",284,1402016174,109.00,2004-01-31,2004,",active,","Jets in Young Stellar Objects: Theory and Observations","2010-11-18 07:13:01"
",1,",",1,",1,15,B,"2010-11-18 07:13:01",285,1402077297,109.00,2004-01-31,2004,",active,",Revision,"2010-11-18 07:13:01"
",1,",",1,",1,3,B,"2010-11-18 07:13:01",286,1402077173,115.00,2004-01-31,2004,",active,","Effective Inquiry for Innovative Engineering Design","2010-11-18 07:13:01"
",1,",",1,",1,3,B,"2010-11-18 07:13:01",287,140207719X,115.00,2004-01-31,2004,",active,","Low Power Analog CMOS for Cardiac Pacemakers","2010-11-18 07:13:01"
",1,",",1,",1,1,B,"2010-11-18 07:13:01",288,1402077211,115.00,2004-01-31,2004,",active,","Advanced Formal Verification","2010-11-18 07:13:01"
",1,",",1,",1,2,B,"2010-11-18 07:13:01",289,1402077351,120.00,2004-01-31,2004,",active,","Bioinformatics of Genome Regulation and Structure","2010-11-18 07:13:01"
",1,",",1,",1,3,B,"2010-11-18 07:13:01",290,1402077254,120.00,2004-01-31,2004,",active,","Equivalence Checking of Digital Circuits","2010-11-18 07:13:01"
",1,",",1,",1,6,C,"2010-11-18 07:13:02",291,1402018355,121.00,2004-01-31,2004,",active,","New Trends in Integrability and Partial Solvability","2010-11-18 07:13:02"
",1,",",1,",1,10,C,"2010-11-18 07:13:02",292,0306484978,125.00,2004-01-31,2004,",active,","Effective Risk Communication:","2010-11-18 07:13:02"
",1,",",1,",1,14,C,"2010-11-18 07:13:02",293,1402016719,127.00,2004-01-31,2004,",active,","Les recherches philosophiques du jeune Heidegger","2010-11-18 07:13:02"
",1,",",1,",1,2,C,"2010-11-18 07:13:02",294,1402014104,127.00,2004-01-31,2004,",active,","Cervical Cancer: From Etiology to Prevention","2010-11-18 07:13:02"
",1,",",1,",1,3,A,"2010-11-18 07:13:02",295,0306481871,130.00,2004-01-31,2004,",active,","Fourier Analysis and Imaging","2010-11-18 07:13:02"
",1,",",1,",1,7,C,"2010-11-18 07:13:02",296,1402016999,132.00,2004-01-31,2004,",active,","Production Practices and Quality Assessment of Food Crops","2010-11-18 07:13:02"
",1,",",1,",1,7,C,"2010-11-18 07:13:02",297,1402016980,138.00,2004-01-31,2004,",active,","Production Practices and Quality Assessment of Food Crops","2010-11-18 07:13:02"
",1,",",1,",1,2,B,"2010-11-18 07:13:02",298,140201743X,138.00,2004-01-31,2004,",active,","Aging of the Organs and Systems","2010-11-18 07:13:02"
",1,",",1,",1,7,B,"2010-11-18 07:13:02",299,030647459X,140.00,2004-01-31,2004,",active,","Surface and Colloid Science Volume 17","2010-11-18 07:13:02"
",1,",",1,",1,2,C,"2010-11-18 07:13:02",300,1402017685,143.00,2004-01-31,2004,",active,","Genetics and Ethics in Global Perspective","2010-11-18 07:13:02"
",1,",",1,",1,2,B,"2010-11-18 07:13:02",301,1402077114,144.00,2004-01-31,2004,",active,","Neural Mechanisms of Cardiovascular Regulation","2010-11-18 07:13:02"
",1,",",1,",1,7,B,"2010-11-18 07:13:02",302,1402076304,145.00,2004-01-31,2004,",active,","Nanoscale Phenomena in Ferroelectric Thin Films","2010-11-18 07:13:02"
",1,",",1,",1,2,C,"2010-11-18 07:13:02",303,1402018398,149.00,2004-01-31,2004,",active,","Amazonian Dark Earths","2010-11-18 07:13:02"
",1,",",1,",1,10,C,"2010-11-18 07:13:02",304,1402018606,149.00,2004-01-31,2004,",active,","Man-Made and Natural Radioactivity in Environmental Pollution and Radiochronology","2010-11-18 07:13:02"
",1,",",1,",1,7,C,"2010-11-18 07:13:02",305,1402017014,151.00,2004-01-31,2004,",active,","Production Practices and Quality Assessment of Food Crops","2010-11-18 07:13:02"
",1,",",1,",1,1,B,"2010-11-18 07:13:03",306,0306481898,159.00,2004-01-31,2004,",active,","Dynamic Reconfiguration: Architectures and Algorithms","2010-11-18 07:13:03"
",1,",",1,",1,15,C,"2010-11-18 07:13:03",307,1402018541,164.00,2004-01-31,2004,",active,","Higher Order Thinking in Science Classrooms: Students' Learning and Teachers' Professional Development","2010-11-18 07:13:03"
",1,",",1,",1,9,C,"2010-11-18 07:13:03",308,0306478641,165.00,2004-01-31,2004,",active,","EPR: Instrumental Methods","2010-11-18 07:13:03"
",1,",",1,",1,2,B,"2010-11-18 07:13:03",309,1402014856,176.00,2004-01-31,2004,",active,","Applied Genetics of Leguminosae Biotechnology","2010-11-18 07:13:03"
",1,",",1,",1,4,C,"2010-11-18 07:13:03",310,1402018339,176.00,2004-01-31,2004,",active,","Axiomatic, Enriched and Motivic Homotopy Theory","2010-11-18 07:13:03"
",1,",",1,",1,2,B,"2010-11-18 07:13:03",311,140207591X,190.00,2004-01-31,2004,",active,","Genes, Development and Cancer","2010-11-18 07:13:03"
",1,",",1,",1,4,A,"2010-11-18 07:13:03",312,1402018290,198.00,2004-01-31,2004,",active,","The Linear Algebra a Beginning Graduate Student Ought to Know","2010-11-18 07:13:03"
",1,",",1,",1,9,C,"2010-11-18 07:13:03",313,0306483343,202.40,2004-01-31,2004,",active,",Antibodies,"2010-11-18 07:13:03"
",1,",",1,",1,5,C,"2010-11-18 07:13:03",314,1402077408,210.00,2004-01-31,2004,",active,","Enhancing Procurement Practices","2010-11-18 07:13:03"
",1,",",1,",1,2,C,"2010-11-18 07:13:03",315,1402018223,220.00,2004-01-31,2004,",active,","Diseases of Fruits and Vegetables 
Volume I","2010-11-18 07:13:03"
",1,",",1,",1,2,C,"2010-11-18 07:13:03",316,1402018231,220.00,2004-01-31,2004,",active,","Diseases of Fruits and Vegetables 
Volume II","2010-11-18 07:13:03"
",1,",",1,",1,3,B,"2010-11-18 07:13:03",317,1402077513,260.00,2004-01-31,2004,",active,","Quantitative Neuroscience","2010-11-18 07:13:03"
",1,",",1,",1,7,C,"2010-11-18 07:13:03",318,1402017006,286.00,2004-01-31,2004,",active,","Production Practices and Quality Assessment of Food Crops","2010-11-18 07:13:03"
",1,",",1,",1,2,C,"2010-11-18 07:13:03",319,1402018266,440.00,2004-01-31,2004,",active,","Diseases of Fruits and Vegetables","2010-11-18 07:13:03"
",1,",",1,",1,9,C,"2010-11-18 07:13:03",320,3798514151,129.00,2004-02-02,2004,",active,","Congenital Heart Defects. Decision Making for Cardiac Surgery","2010-11-18 07:13:03"
",1,",",1,",1,7,C,"2010-11-18 07:13:03",321,354040791X,129.00,2004-02-02,2004,",active,","Bubbly Flows","2010-11-18 07:13:03"
",1,",",1,",1,9,A,"2010-11-18 07:13:03",322,0387985115,259.00,2004-02-02,2004,",active,","Foot and Ankle Arthroscopy","2010-11-18 07:13:03"
",1,",",1,",1,4,A,"2010-11-18 07:13:03",323,0387202293,69.95,2004-02-03,2004,",active,","Chaos and Fractals","2010-11-18 07:13:03"
",1,",",1,",1,1,A,"2010-11-18 07:13:04",324,1852337397,59.95,2004-02-06,2004,",active,","Introduction to Virtual Reality","2010-11-18 07:13:04"
",1,",",1,",1,7,B,"2010-11-18 07:13:04",325,0854046305,99.00,2004-02-06,2004,",active,","A History of Beer and Brewing","2010-11-18 07:13:04"
",1,",",1,",1,7,B,"2010-11-18 07:13:04",326,0854045856,139.00,2004-02-06,2004,",active,","Nutritional Aspects of Bone Health","2010-11-18 07:13:04"
",1,",",1,",1,9,A,"2010-11-18 07:13:04",327,3540638016,169.00,2004-02-09,2004,",active,","Histopathology of Nodal and Extranodal Non-Hodgkin's Lymphomas","2010-11-18 07:13:04"
",1,",",1,",1,6,B,"2010-11-18 07:13:04",328,1852331011,39.95,2004-02-11,2004,",active,","Life in the Solar System and Beyond","2010-11-18 07:13:04"
",1,",",1,",1,2,A,"2010-11-18 07:13:04",329,0387402926,34.95,2004-02-11,2004,",active,","Biostatistics and Epidemiology","2010-11-18 07:13:04"
",1,",",1,",1,1,A,"2010-11-18 07:13:04",330,1590591011,34.99,2004-02-11,2004,",active,","Pro JMX: Java Management Extensions","2010-11-18 07:13:04"
",1,",",1,",1,1,A,"2010-11-18 07:13:04",331,1590591070,39.99,2004-02-11,2004,",active,","Java Regular Expressions: Taming the java.util.regex Engine","2010-11-18 07:13:04"
",1,",",1,",1,1,A,"2010-11-18 07:13:04",332,1590593421,39.99,2004-02-11,2004,",active,","ADO Programmer’s Reference","2010-11-18 07:13:04"
",1,",",1,",1,1,A,"2010-11-18 07:13:04",333,1590593413,49.99,2004-02-11,2004,",active,","Beginning J2EE 1.4: From Novice to Professional (2nd printing)","2010-11-18 07:13:04"
",1,",",1,",1,6,C,"2010-11-18 07:13:04",334,1852337435,119.00,2004-02-11,2004,",active,","Astronomy of the Milky Way","2010-11-18 07:13:04"
",1,",",1,",1,9,B,"2010-11-18 07:13:04",335,3540018689,99.00,2004-02-12,2004,",active,","Atlas of Laser Scanning Ophthalmoscopy","2010-11-18 07:13:04"
",1,",",1,",1,10,A,"2010-11-18 07:13:04",336,3540436502,79.95,2004-02-12,2004,",active,",Volcanism,"2010-11-18 07:13:04"
",1,",",1,",1,6,A,"2010-11-18 07:13:04",337,3540407545,99.00,2004-02-12,2004,",active,","Critical Phenomena in Natural Sciences","2010-11-18 07:13:04"
",1,",",1,",1,2,B,"2010-11-18 07:13:04",338,3540403930,139.00,2004-02-12,2004,",active,","Nomadic Desert Birds","2010-11-18 07:13:04"
",1,",",1,",1,4,C,"2010-11-18 07:13:04",339,3540407294,44.95,2004-02-12,2004,",active,","Non-Archimedean L-Functions and Arithmetical Siegel Modular Forms","2010-11-18 07:13:04"
",1,",",1,",1,6,B,"2010-11-18 07:13:04",340,3540201688,44.95,2004-02-12,2004,",active,","Particles and Nuclei","2010-11-18 07:13:04"
",1,",",1,",1,1,C,"2010-11-18 07:13:04",341,3540206108,47.00,2004-02-12,2004,",active,","Privacy Enhancing Technologies","2010-11-18 07:13:04"
",1,",",1,",1,1,C,"2010-11-18 07:13:04",342,3540207368,47.00,2004-02-12,2004,",active,","Multi-Agent-Based Simulation III","2010-11-18 07:13:04"
",1,",",1,",1,1,C,"2010-11-18 07:13:05",343,3540206930,47.00,2004-02-12,2004,",active,","Formal Aspects of Security","2010-11-18 07:13:05"
",1,",",1,",1,1,C,"2010-11-18 07:13:05",344,3540205004,49.00,2004-02-12,2004,",active,","Matchmaking in Electronic Markets","2010-11-18 07:13:05"
",1,",",1,",1,5,C,"2010-11-18 07:13:05",345,3790801283,49.00,2004-02-12,2004,",active,","Foreign Exchange Intervention as a Monetary Policy Instrument","2010-11-18 07:13:05"
",1,",",1,",1,1,C,"2010-11-18 07:13:05",346,3540668152,49.95,2004-02-12,2004,",active,","Restricted-Orientation Convexity","2010-11-18 07:13:05"
",1,",",1,",1,1,B,"2010-11-18 07:13:05",347,3540207376,54.00,2004-02-12,2004,",active,","Developing Industrial Case-Based Reasoning Applications","2010-11-18 07:13:05"
",1,",",1,",1,1,B,"2010-11-18 07:13:05",348,3540407049,54.95,2004-02-12,2004,",active,","Quantum Computing","2010-11-18 07:13:05"
",1,",",1,",1,5,C,"2010-11-18 07:13:05",349,3790800767,58.00,2004-02-12,2004,",active,","Economics of Standards in Information Networks","2010-11-18 07:13:05"
",1,",",1,",1,4,B,"2010-11-18 07:13:05",350,3540200622,59.95,2004-02-12,2004,",active,","Heat Kernels and Dirac Operators","2010-11-18 07:13:05"
",1,",",1,",1,4,C,"2010-11-18 07:13:05",351,3540206116,59.95,2004-02-12,2004,",active,","Mathematical Theory of Nonequilibrium Steady States","2010-11-18 07:13:05"
",1,",",1,",1,4,A,"2010-11-18 07:13:05",352,3540017704,59.95,2004-02-12,2004,",active,","Mathematics and Culture I","2010-11-18 07:13:05"
",1,",",1,",1,1,C,"2010-11-18 07:13:05",353,354020721X,64.00,2004-02-12,2004,",active,","Logic Programming and Nonmonotonic Reasoning","2010-11-18 07:13:05"
",1,",",1,",1,1,C,"2010-11-18 07:13:05",354,3540206639,64.00,2004-02-12,2004,",active,","Cryptography and Coding","2010-11-18 07:13:05"
",1,",",1,",1,6,C,"2010-11-18 07:13:05",355,3540203826,69.95,2004-02-12,2004,",active,","Atomic and Molecular Spectroscopy","2010-11-18 07:13:05"
",1,",",1,",1,5,C,"2010-11-18 07:13:05",356,3790801372,69.95,2004-02-12,2004,",active,","Ukraine's WTO Accession: Challenge for Domestic Economic Reforms","2010-11-18 07:13:05"
",1,",",1,",1,4,B,"2010-11-18 07:13:06",357,3540401210,69.95,2004-02-12,2004,",active,","On Some Aspects of the Theory of Anosov Systems","2010-11-18 07:13:06"
",1,",",1,",1,4,C,"2010-11-18 07:13:06",358,3540203575,74.95,2004-02-12,2004,",active,","Noncommutative Geometry","2010-11-18 07:13:06"
",1,",",1,",1,1,C,"2010-11-18 07:13:06",359,3540206809,75.00,2004-02-12,2004,",active,","FST TCS 2003: Foundations of Software Technology and Theoretical Computer Science","2010-11-18 07:13:06"
",1,",",1,",1,9,C,"2010-11-18 07:13:06",360,3540202951,75.00,2004-02-12,2004,",active,","Arthroplasty of the Spine","2010-11-18 07:13:06"
",1,",",1,",1,1,B,"2010-11-18 07:13:06",361,3540408231,79.95,2004-02-12,2004,",active,","Duration Calculus","2010-11-18 07:13:06"
",1,",",1,",1,11,C,"2010-11-18 07:13:06",362,3540201203,79.95,2004-02-12,2004,",active,","Functional Foods","2010-11-18 07:13:06"
",1,",",1,",1,1,C,"2010-11-18 07:13:06",363,3540206264,81.00,2004-02-12,2004,",active,","High Performance Computing -- HiPC 2003","2010-11-18 07:13:06"
",1,",",1,",1,1,C,"2010-11-18 07:13:06",364,3540206817,87.00,2004-02-12,2004,",active,","Service-Oriented Computing -- ICSOC 2003","2010-11-18 07:13:06"
",1,",",1,",1,9,B,"2010-11-18 07:13:06",365,3540001379,89.95,2004-02-12,2004,",active,","Understanding X-Rays","2010-11-18 07:13:06"
",1,",",1,",1,6,B,"2010-11-18 07:13:06",366,3540408851,89.95,2004-02-12,2004,",active,","High Temperature Gas Dynamics","2010-11-18 07:13:06"
",1,",",1,",1,1,C,"2010-11-18 07:13:07",367,3540402578,89.95,2004-02-12,2004,",active,","Semantic Integration of Heterogeneous Software Specifications","2010-11-18 07:13:07"
",1,",",1,",1,1,C,"2010-11-18 07:13:07",368,3540406700,89.95,2004-02-12,2004,",active,","Spatial Reasoning and Planning","2010-11-18 07:13:07"
",1,",",1,",1,9,B,"2010-11-18 07:13:07",369,3540008640,89.95,2004-02-12,2004,",active,","Dermatology Therapy. A - Z Essentials","2010-11-18 07:13:07"
",1,",",1,",1,5,C,"2010-11-18 07:13:07",370,3540407103,89.95,2004-02-12,2004,",active,","Dynamic Efficiency and Path Dependencies in Venture Capital Markets","2010-11-18 07:13:07"
",1,",",1,",1,5,C,"2010-11-18 07:13:07",371,3540402594,99.00,2004-02-12,2004,",active,","Reform in CEE-Countries with Regard to European Enlargement","2010-11-18 07:13:07"
",1,",",1,",1,2,C,"2010-11-18 07:13:07",372,3540402284,99.00,2004-02-12,2004,",active,","The Microstructural Border Between the Motor and the Cognitive Domain in the Human Cerebral Cortex","2010-11-18 07:13:07"
",1,",",1,",1,10,B,"2010-11-18 07:13:07",373,3540408827,99.00,2004-02-12,2004,",active,","Field Methods for Geologists and Hydrogeologists","2010-11-18 07:13:07"
",1,",",1,",1,4,C,"2010-11-18 07:13:07",374,3540408878,99.00,2004-02-12,2004,",active,","Challenges in Scientific Computing - CISC 2002","2010-11-18 07:13:07"
",1,",",1,",1,6,C,"2010-11-18 07:13:07",375,3540203079,99.95,2004-02-12,2004,",active,","The Kolmogorov Legacy in Physics","2010-11-18 07:13:07"
",1,",",1,",1,1,C,"2010-11-18 07:13:07",376,3540206957,107.00,2004-02-12,2004,",active,","Algorithms and Computation","2010-11-18 07:13:07"
",1,",",1,",1,4,B,"2010-11-18 07:13:07",377,3540202838,109.00,2004-02-12,2004,",active,","Cohomology of Finite Groups","2010-11-18 07:13:07"
",1,",",1,",1,4,C,"2010-11-18 07:13:07",378,3540002030,109.00,2004-02-12,2004,",active,","Graphs on Surfaces and Their Applications","2010-11-18 07:13:07"
",1,",",1,",1,6,C,"2010-11-18 07:13:07",379,3540407421,119.00,2004-02-12,2004,",active,","Compton Scattering","2010-11-18 07:13:07"
",1,",",1,",1,6,B,"2010-11-18 07:13:07",380,3540406425,119.00,2004-02-12,2004,",active,","Astrophysics Update","2010-11-18 07:13:07"
",1,",",1,",1,6,C,"2010-11-18 07:13:07",381,3540402888,129.00,2004-02-12,2004,",active,","Turbulence Models and Their Application","2010-11-18 07:13:07"
",1,",",1,",1,9,C,"2010-11-18 07:13:08",382,3540408746,139.00,2004-02-12,2004,",active,","Maturation Phenomenon in Cerebral Ischemia V","2010-11-18 07:13:08"
",1,",",1,",1,9,C,"2010-11-18 07:13:08",383,3540404066,159.00,2004-02-12,2004,",active,","Powered Upper Limb Prostheses","2010-11-18 07:13:08"
",1,",",1,",1,10,C,"2010-11-18 07:13:08",384,3540421998,169.00,2004-02-12,2004,",active,","Natural Disasters and Sustainable Development","2010-11-18 07:13:08"
",1,",",1,",1,4,C,"2010-11-18 07:13:08",385,354040645X,179.00,2004-02-12,2004,",active,","Aeronautical Research in Germany","2010-11-18 07:13:08"
",1,",",1,",1,10,C,"2010-11-18 07:13:08",386,3540408150,199.00,2004-02-12,2004,",active,","Textile Chemicals","2010-11-18 07:13:08"
",1,",",1,",1,6,C,"2010-11-18 07:13:08",387,3540140220,199.00,2004-02-12,2004,",active,","Single Quantum Dots","2010-11-18 07:13:08"
",1,",",1,",1,6,C,"2010-11-18 07:13:08",388,3540206612,199.00,2004-02-12,2004,",active,","Refereed and selected contributions from International Conference on
Quark Nuclear Physics","2010-11-18 07:13:08"
",1,",",1,",1,9,B,"2010-11-18 07:13:08",389,8847002370,199.00,2004-02-12,2004,",active,","Contrast Echocardiography in Clinical Practice","2010-11-18 07:13:08"
",1,",",1,",1,6,C,"2010-11-18 07:13:08",390,3540402314,199.00,2004-02-12,2004,",active,","Vortex Electronics and SQUIDs","2010-11-18 07:13:08"
",1,",",1,",1,9,B,"2010-11-18 07:13:09",391,3540442057,225.00,2004-02-12,2004,",active,","Pediatric Bone Marrow","2010-11-18 07:13:09"
",1,",",1,",1,3,C,"2010-11-18 07:13:09",392,3540407677,229.00,2004-02-12,2004,",active,","Fault Diagnosis","2010-11-18 07:13:09"
",1,",",1,",1,2,C,"2010-11-18 07:13:09",393,3540402047,349.00,2004-02-12,2004,",active,","Cardiovascular Pharmacogenetics","2010-11-18 07:13:09"
",1,",",1,",1,1,A,"2010-11-18 07:13:09",394,1590593065,34.99,2004-02-17,2004,",active,","Macromedia Fireworks MX 2004 Zero to Hero","2010-11-18 07:13:09"
",1,",",1,",1,5,C,"2010-11-18 07:13:09",395,3211005145,89.95,2004-02-17,2004,",active,","Pure Economic Loss","2010-11-18 07:13:09"
",1,",",1,",1,5,C,"2010-11-18 07:13:09",396,3211018670,89.95,2004-02-17,2004,",active,","Terrorism, Tort Law and Insurance","2010-11-18 07:13:09"
",1,",",1,",1,2,C,"2010-11-18 07:13:09",397,3211407812,149.00,2004-02-17,2004,",active,","Advances in Down Syndrome Research","2010-11-18 07:13:09"
",1,",",1,",1,3,B,"2010-11-18 07:13:09",398,3211405372,159.00,2004-02-17,2004,",active,","Analysis and Simulation of Heterostructure Devices","2010-11-18 07:13:09"
",1,",",1,",1,7,A,"2010-11-18 07:13:09",399,3540012184,199.00,2004-02-17,2004,",active,","Springer Handbook of Nanotechnology","2010-11-18 07:13:09"
",1,",",1,",1,3,B,"2010-11-18 07:13:09",400,1852336005,59.95,2004-02-18,2004,",active,","Analysis and Control of Non-linear Process Systems","2010-11-18 07:13:09"
",1,",",1,",1,6,C,"2010-11-18 07:13:09",401,0735401713,290.00,2004-02-18,2004,",active,","Space Technology and Applications International Forum - STAIF 2004","2010-11-18 07:13:09"
",1,",",1,",1,7,B,"2010-11-18 07:13:09",402,0854045953,299.00,2004-02-18,2004,",active,","Chemometrics in Analytical Spectroscopy","2010-11-18 07:13:09"
",1,",",1,",1,5,B,"2010-11-18 07:13:09",403,3540205470,124.00,2004-02-20,2004,",active,","Knowledge Management Systems","2010-11-18 07:13:09"
",1,",",1,",1,3,C,"2010-11-18 07:13:09",404,3540202382,129.00,2004-02-20,2004,",active,","Text Mining and its Applications","2010-11-18 07:13:09"
",1,",",1,",1,4,A,"2010-11-18 07:13:10",405,376437019X,49.95,2004-02-20,2004,",active,","Exploring, Investigating and Discovering in Mathematics","2010-11-18 07:13:10"
",1,",",1,",1,1,B,"2010-11-18 07:13:10",406,3540009485,49.95,2004-02-20,2004,",active,","Aspect-Oriented Database Systems","2010-11-18 07:13:10"
",1,",",1,",1,1,C,"2010-11-18 07:13:10",407,3540207767,54.00,2004-02-20,2004,",active,","Discrete and Computational Geometry","2010-11-18 07:13:10"
",1,",",1,",1,1,C,"2010-11-18 07:13:10",408,3540207805,54.00,2004-02-20,2004,",active,","Theory and Applications of Relational Structures as Knowledge Instruments","2010-11-18 07:13:10"
",1,",",1,",1,1,C,"2010-11-18 07:13:10",409,3540208038,58.00,2004-02-20,2004,",active,","Verification, Model Checking, and Abstract Interpretation","2010-11-18 07:13:10"
",1,",",1,",1,2,C,"2010-11-18 07:13:10",410,3540206299,59.95,2004-02-20,2004,",active,","Rapid Cycle Real-Time PCR-Methods and Applications","2010-11-18 07:13:10"
",1,",",1,",1,1,C,"2010-11-18 07:13:10",411,3540207457,71.00,2004-02-20,2004,",active,","Distributed Computing - IWDC 2003","2010-11-18 07:13:10"
",1,",",1,",1,1,C,"2010-11-18 07:13:10",412,3540207813,75.00,2004-02-20,2004,",active,","Aspects of Molecular Computing","2010-11-18 07:13:10"
",1,",",1,",1,2,C,"2010-11-18 07:13:10",413,376436453X,79.95,2004-02-20,2004,",active,","Identification of Tropical Woody Plants in the Absence of Flowers","2010-11-18 07:13:10"
",1,",",1,",1,4,B,"2010-11-18 07:13:10",414,3540442588,99.00,2004-02-20,2004,",active,","Constantin CarathΘodory","2010-11-18 07:13:10"
",1,",",1,",1,5,B,"2010-11-18 07:13:10",415,3540207120,99.00,2004-02-20,2004,",active,","Economics, Management and Optimization in Sports","2010-11-18 07:13:10"
",1,",",1,",1,10,C,"2010-11-18 07:13:10",416,3540403450,99.00,2004-02-20,2004,",active,","Palaeoecology of Quaternary Drylands","2010-11-18 07:13:10"
",1,",",1,",1,6,B,"2010-11-18 07:13:10",417,3540407715,109.00,2004-02-20,2004,",active,","The Frenkel-Kontorova Model","2010-11-18 07:13:10"
",1,",",1,",1,4,C,"2010-11-18 07:13:11",418,3764369256,119.00,2004-02-20,2004,",active,","Function and Regulation of Cellular Systems: Experiments and Models","2010-11-18 07:13:11"
",1,",",1,",1,5,B,"2010-11-18 07:13:11",419,3540404686,119.00,2004-02-20,2004,",active,","Cognitive Economics","2010-11-18 07:13:11"
",1,",",1,",1,3,C,"2010-11-18 07:13:11",420,3540202374,129.00,2004-02-20,2004,",active,","Enhancing the Power of the Internet","2010-11-18 07:13:11"
",1,",",1,",1,5,C,"2010-11-18 07:13:11",421,3540402861,129.00,2004-02-20,2004,",active,","Knapsack Problems","2010-11-18 07:13:11"
",1,",",1,",1,2,B,"2010-11-18 07:13:11",422,3764324260,129.00,2004-02-20,2004,",active,","Alzheimer Disease","2010-11-18 07:13:11"
",1,",",1,",1,3,C,"2010-11-18 07:13:11",423,3540437215,139.00,2004-02-20,2004,",active,","Unified Strength Theory and its Applications","2010-11-18 07:13:11"
",1,",",1,",1,3,C,"2010-11-18 07:13:11",424,3540201807,139.00,2004-02-20,2004,",active,","Fuzzy Logic and the Internet","2010-11-18 07:13:11"
",1,",",1,",1,7,C,"2010-11-18 07:13:11",425,3540201793,159.00,2004-02-20,2004,",active,","X-Ray Diffuse Scattering from Self-Organized Mesoscopic Semiconductor Structures","2010-11-18 07:13:11"
",1,",",1,",1,9,C,"2010-11-18 07:13:11",426,3764369140,169.00,2004-02-20,2004,",active,","Recent Advances in Pathophysiology of COPD","2010-11-18 07:13:11"
",1,",",1,",1,10,C,"2010-11-18 07:13:11",427,3540434585,169.00,2004-02-20,2004,",active,","Arctic Environment Variability in the Context of Global Change","2010-11-18 07:13:11"
",1,",",1,",1,10,C,"2010-11-18 07:13:11",428,3540202110,169.00,2004-02-20,2004,",active,","Satellite Altimetry for Geodesy, Geophysics and Oceanography","2010-11-18 07:13:11"
",1,",",1,",1,2,C,"2010-11-18 07:13:12",429,3764369825,169.00,2004-02-20,2004,",active,","Cognitive Enhancing Drugs","2010-11-18 07:13:12"
",1,",",1,",1,2,C,"2010-11-18 07:13:12",430,3540201122,189.00,2004-02-20,2004,",active,","Artificial Nucleases","2010-11-18 07:13:12"
",1,",",1,",1,9,C,"2010-11-18 07:13:12",431,8847002451,199.00,2004-02-20,2004,",active,","Atlas of endoanal and endorectal ultrasonography","2010-11-18 07:13:12"
",1,",",1,",1,2,C,"2010-11-18 07:13:12",432,3540140328,225.00,2004-02-20,2004,",active,","The Vertebrate Organizer","2010-11-18 07:13:12"
",1,",",1,",1,10,C,"2010-11-18 07:13:12",433,3540439463,225.00,2004-02-20,2004,",active,","Passive Microwave Remote Sensing of the Earth","2010-11-18 07:13:12"
",1,",",1,",1,9,C,"2010-11-18 07:13:12",434,3540204784,239.00,2004-02-20,2004,",active,","Life Sciences and Radiation","2010-11-18 07:13:12"
",1,",",1,",1,2,C,"2010-11-18 07:13:12",435,3540205608,249.00,2004-02-20,2004,",active,","Protein Phosphatases","2010-11-18 07:13:12"
",1,",",1,",1,7,C,"2010-11-18 07:13:12",436,3540008535,249.00,2004-02-20,2004,",active,","Optical Spectra and Chemical Bonding in Inorganic Compounds","2010-11-18 07:13:12"
",1,",",1,",1,6,C,"2010-11-18 07:13:12",437,3764324333,259.00,2004-02-20,2004,",active,","International Conference on Theoretical Physics","2010-11-18 07:13:12"
",1,",",1,",1,2,C,"2010-11-18 07:13:12",438,3540004645,349.00,2004-02-20,2004,",active,","Pharmacology and Therapeutics of Asthma and COPD","2010-11-18 07:13:12"
",1,",",1,",1,1,A,"2010-11-18 07:13:12",439,1590593383,59.99,2004-02-26,2004,",active,","Microsoft SharePoint: Building Office 2003 Solutions (4th printing)","2010-11-18 07:13:12"
",1,",",1,",1,1,A,"2010-11-18 07:13:12",440,1590593499,39.99,2004-02-26,2004,",active,","ASP Web Development with Macromedia Dreamweaver MX 2004 ","2010-11-18 07:13:12"
",1,",",1,",1,1,A,"2010-11-18 07:13:12",441,159059231X,39.99,2004-02-26,2004,",active,","Cascading Style Sheets: Separating Content from Presentation, Second Edition","2010-11-18 07:13:12"
",1,",",1,",1,1,A,"2010-11-18 07:13:12",442,159059276X,49.99,2004-02-26,2004,",active,","XML and FrameMaker","2010-11-18 07:13:12"
",1,",",1,",1,1,A,"2010-11-18 07:13:12",443,159059228X,49.99,2004-02-26,2004,",active,","Pro Jakarta Struts, Second Edition (2nd printing)","2010-11-18 07:13:12"
",1,",",1,",1,1,A,"2010-11-18 07:13:12",444,0387406972,69.95,2004-02-26,2004,",active,","Data Compression","2010-11-18 07:13:12"
",1,",",1,",1,4,C,"2010-11-18 07:13:12",445,0387405291,79.95,2004-02-26,2004,",active,","Geometric Methods in Inverse Problems and PDE Control","2010-11-18 07:13:12"
",1,",",1,",1,6,B,"2010-11-18 07:13:13",446,0387200894,89.95,2004-02-26,2004,",active,","Stellar Interiors","2010-11-18 07:13:13"
",1,",",1,",1,1,B,"2010-11-18 07:13:13",447,038720170X,99.00,2004-02-26,2004,",active,","Computer Systems","2010-11-18 07:13:13"
",1,",",1,",1,5,C,"2010-11-18 07:13:13",448,3211206698,169.00,2004-02-26,2004,",active,","Information and Communication Technologies in Tourism 2004","2010-11-18 07:13:13"
",1,",",1,",1,2,C,"2010-11-18 07:13:13",449,4431004874,179.00,2004-02-26,2004,",active,","Molecular Phylogeny and Evolution of Carabid Ground Beetles","2010-11-18 07:13:13"
",1,",",1,",1,9,A,"2010-11-18 07:13:13",450,0387405488,199.00,2004-02-26,2004,",active,","The Multiple Ligament Injured Knee","2010-11-18 07:13:13"
",1,",",1,",1,7,C,"2010-11-18 07:13:13",451,1402019688,109.00,2004-02-29,2004,",active,","Micromechanics and Nanoscale Effects","2010-11-18 07:13:13"
",1,",",1,",1,7,A,"2010-11-18 07:13:13",452,1402019998,150.00,2004-02-29,2004,",active,","Homogeneous Catalysis","2010-11-18 07:13:13"
",1,",",1,",1,10,C,"2010-11-18 07:13:13",453,1402018274,105.00,2004-02-29,2004,",active,","Recent Advances in Earthquake Geotechnical Engineering and Microzonation","2010-11-18 07:13:13"
",1,",",1,",1,2,C,"2010-11-18 07:13:13",454,1402017618,198.00,2004-02-29,2004,",active,","Weed Biology and Management","2010-11-18 07:13:13"
",1,",",1,",1,15,B,"2010-11-18 07:13:13",455,1402019351,38.00,2004-02-29,2004,",active,","The Intellectual Capital of Schools","2010-11-18 07:13:13"
",1,",",1,",1,7,B,"2010-11-18 07:13:13",456,140201872X,125.00,2004-02-29,2004,",active,","New Trends in Green Chemistry","2010-11-18 07:13:13"
",1,",",1,",1,3,B,"2010-11-18 07:13:13",457,1402077734,125.00,2004-02-29,2004,",active,","Silicon-on-Insulator Technology","2010-11-18 07:13:13"
",1,",",1,",1,6,C,"2010-11-18 07:13:13",458,1402016468,149.00,2004-02-29,2003,",active,","Magnetospheric Imaging - The IMAGE Prime Mission","2010-11-18 07:13:13"
",1,",",1,",1,7,B,"2010-11-18 07:13:13",459,0306484234,20.00,2004-02-29,2004,",active,","Who's Who in Fluorescence 2004","2010-11-18 07:13:13"
",1,",",1,",1,7,C,"2010-11-18 07:13:13",460,1402019343,50.00,2004-02-29,2004,",active,","Detection of Bulk Explosives Advanced Techniques against Terrorism","2010-11-18 07:13:13"
",1,",",1,",1,2,C,"2010-11-18 07:13:13",461,1402018657,55.00,2004-02-29,2004,",active,","Photosynthetic Rate and Dynamic Environment","2010-11-18 07:13:13"
",1,",",1,",1,7,C,"2010-11-18 07:13:14",462,1402019424,63.00,2004-02-29,2004,",active,","Organic Conductors, Superconductors and Magnets: From Synthesis to Molecular Electronics","2010-11-18 07:13:14"
",1,",",1,",1,15,C,"2010-11-18 07:13:14",463,1402018533,65.00,2004-02-29,2004,",active,","Higher Order Thinking in Science Classrooms: Students' Learning and Teachers' Professional Development","2010-11-18 07:13:14"
",1,",",1,",1,10,C,"2010-11-18 07:13:14",464,1402019025,71.00,2004-02-29,2004,",active,","Dying and Dead Seas Climatic Versus Anthropic Causes","2010-11-18 07:13:14"
",1,",",1,",1,11,C,"2010-11-18 07:13:14",465,1402019491,72.00,2004-02-29,2004,",active,","Environmental Challenges in the Mediterranean 2000-2050","2010-11-18 07:13:14"
",1,",",1,",1,4,C,"2010-11-18 07:13:14",466,1402018746,80.00,2004-02-29,2004,",active,","Emerging Technologies and Techniques in Porous Media","2010-11-18 07:13:14"
",1,",",1,",1,4,C,"2010-11-18 07:13:14",467,1402019297,84.00,2004-02-29,2004,",active,","Normal Forms, Bifurcations and Finiteness Problems in Differential Equations","2010-11-18 07:13:14"
",1,",",1,",1,14,C,"2010-11-18 07:13:14",468,1402017642,86.00,2004-02-29,2004,",active,","The Ethics of Medical Involvement in Capital Punishment","2010-11-18 07:13:14"
",1,",",1,",1,9,C,"2010-11-18 07:13:14",469,0792387899,88.00,2004-02-29,2004,",active,","Topical Steroids in Gastroenterology and Hepatology","2010-11-18 07:13:14"
",1,",",1,",1,15,B,"2010-11-18 07:13:14",470,1402078099,95.00,2004-02-29,2004,",active,","Centralization and Decentralization","2010-11-18 07:13:14"
",1,",",1,",1,3,A,"2010-11-18 07:13:14",471,1402077599,98.00,2004-02-29,2004,",active,","Video Coding with Superimposed Motion-Compensated Signals","2010-11-18 07:13:14"
",1,",",1,",1,14,C,"2010-11-18 07:13:14",472,1402018940,105.00,2004-02-29,2004,",active,","Poststructuralism, Philosophy, Pedagogy","2010-11-18 07:13:14"
",1,",",1,",1,15,B,"2010-11-18 07:13:14",473,1402019327,105.00,2004-02-29,2004,",active,","The Intellectual Capital of Schools","2010-11-18 07:13:14"
",1,",",1,",1,3,B,"2010-11-18 07:13:14",474,1402077319,105.00,2004-02-29,2004,",active,","Floating Gate Devices: Operation and Compact Modeling","2010-11-18 07:13:14"
",1,",",1,",1,15,C,"2010-11-18 07:13:14",475,1402018525,109.00,2004-02-29,2004,",active,","Higher Order Thinking in Science Classrooms: Students' Learning and Teachers' Professional Development","2010-11-18 07:13:14"
",1,",",1,",1,1,B,"2010-11-18 07:13:14",476,1402075243,109.00,2004-02-29,2004,",active,","Frontiers of Evolutionary Computation","2010-11-18 07:13:14"
",1,",",1,",1,7,C,"2010-11-18 07:13:15",477,1402019335,109.00,2004-02-29,2004,",active,","Detection of Bulk Explosives Advanced Techniques against Terrorism","2010-11-18 07:13:15"
",1,",",1,",1,15,C,"2010-11-18 07:13:15",478,1402017979,113.00,2004-02-29,2004,",active,","Curriculum Landscapes and Trends","2010-11-18 07:13:15"
",1,",",1,",1,3,B,"2010-11-18 07:13:15",479,1402077610,115.00,2004-02-29,2004,",active,","Static and Dynamic Performance Limitations for High Speed D/A Converters","2010-11-18 07:13:15"
",1,",",1,",1,16,B,"2010-11-18 07:13:15",480,1402019300,116.00,2004-02-29,2004,",active,","Dialogic Learning","2010-11-18 07:13:15"
",1,",",1,",1,3,B,"2010-11-18 07:13:15",481,1402077238,120.00,2004-02-29,2004,",active,","An Experimental Approach to CDMA and Interference Mitigation","2010-11-18 07:13:15"
",1,",",1,",1,2,B,"2010-11-18 07:13:15",482,140200091X,121.00,2004-02-29,2004,",active,","Chromosomes Today","2010-11-18 07:13:15"
",1,",",1,",1,7,C,"2010-11-18 07:13:15",483,1402019416,121.00,2004-02-29,2004,",active,","Organic Conductors, Superconductors and Magnets: From Synthesis to Molecular Electronics","2010-11-18 07:13:15"
",1,",",1,",1,3,B,"2010-11-18 07:13:15",484,1402077300,125.00,2004-02-29,2004,",active,","Design of Energy-Efficient Application-Specific Instruction Set Processors","2010-11-18 07:13:15"
",1,",",1,",1,1,B,"2010-11-18 07:13:15",485,1402077742,127.00,2004-02-29,2004,",active,","Integrated Image and Graphics Technologies","2010-11-18 07:13:15"
",1,",",1,",1,10,B,"2010-11-18 07:13:15",486,1402019750,127.00,2004-02-29,2004,",active,","Solid Waste Management and Recycling","2010-11-18 07:13:15"
",1,",",1,",1,14,C,"2010-11-18 07:13:15",487,1402018169,127.00,2004-02-29,2004,",active,","Transzendentaler Idealismus. Texte aus dem Nachlass (1908-1921)","2010-11-18 07:13:15"
",1,",",1,",1,4,B,"2010-11-18 07:13:15",488,1402076312,130.00,2004-02-29,2004,",active,","Interactive Decision Maps","2010-11-18 07:13:15"
",1,",",1,",1,2,B,"2010-11-18 07:13:15",489,030648465X,132.00,2004-02-29,2004,",active,","Aminopeptidases in Biology and Disease","2010-11-18 07:13:15"
",1,",",1,",1,9,C,"2010-11-18 07:13:16",490,1402020953,132.00,2004-02-29,2004,",active,","Topical Steroids in Gastroenterology and Hepatology","2010-11-18 07:13:16"
",1,",",1,",1,4,C,"2010-11-18 07:13:16",491,0306485176,138.00,2004-02-29,2004,",active,","Applications of Fibonacci Numbers","2010-11-18 07:13:16"
",1,",",1,",1,2,C,"2010-11-18 07:13:16",492,1402017197,138.00,2004-02-29,2004,",active,","ARF Family GTPases","2010-11-18 07:13:16"
",1,",",1,",1,1,C,"2010-11-18 07:13:16",493,1402018177,141.00,2004-02-29,2004,",active,","Geometric Modeling: Techniques, Applications, Systems and Tools","2010-11-18 07:13:16"
",1,",",1,",1,4,B,"2010-11-18 07:13:16",494,1402018304,143.00,2004-02-29,2004,",active,","Fredholm and Local Spectral Theory, with Applications to Multipliers","2010-11-18 07:13:16"
",1,",",1,",1,5,B,"2010-11-18 07:13:16",495,0306486962,145.00,2004-02-29,2004,",active,","Evolution of Supply Chain Management","2010-11-18 07:13:16"
",1,",",1,",1,4,B,"2010-11-18 07:13:16",496,1402019610,149.00,2004-02-29,2004,",active,","Mal'cev, Protomodular, Homological and Semi-Abelian Categories","2010-11-18 07:13:16"
",1,",",1,",1,6,C,"2010-11-18 07:13:16",497,1402018681,149.00,2004-02-29,2004,",active,","Information Dynamics in Cognitive, Psychological, Social, and Anomalous Phenomena","2010-11-18 07:13:16"
",1,",",1,",1,6,C,"2010-11-18 07:13:16",498,1402018444,149.00,2004-02-29,2004,",active,","Colossal Magnetoresistive Manganites","2010-11-18 07:13:16"
",1,",",1,",1,2,B,"2010-11-18 07:13:16",499,1402077785,154.00,2004-02-29,2004,",active,","Neuro-Behavioral Determinants of Interlimb Coordination","2010-11-18 07:13:16"
",1,",",1,",1,15,C,"2010-11-18 07:13:16",500,1402020236,158.00,2004-02-29,2004,",active,","Knowing Bodies, Moving Minds","2010-11-18 07:13:16"